model,market,calendar_week,week_start_date,demand_units
Civic LHD,Germany,-26,2026-02-09,126
Civic LHD,France,-26,2026-02-09,93
Civic LHD,Italy,-26,2026-02-09,60
Civic LHD,Spain,-26,2026-02-09,53
Civic LHD,Netherlands,-26,2026-02-09,40
Civic LHD,Belgium,-26,2026-02-09,33
Civic LHD,Poland,-26,2026-02-09,30
Civic LHD,Nordics,-26,2026-02-09,40
Civic LHD,Portugal,-26,2026-02-09,30
Civic RHD,UK,-26,2026-02-09,160
Civic RHD,Ireland,-26,2026-02-09,20
CR-V LHD,Germany,-26,2026-02-09,126
CR-V LHD,France,-26,2026-02-09,93
CR-V LHD,Italy,-26,2026-02-09,60
CR-V LHD,Spain,-26,2026-02-09,53
CR-V LHD,Netherlands,-26,2026-02-09,40
CR-V LHD,Belgium,-26,2026-02-09,33
CR-V LHD,Poland,-26,2026-02-09,30
CR-V LHD,Nordics,-26,2026-02-09,40
CR-V LHD,Portugal,-26,2026-02-09,30
CR-V RHD,UK,-26,2026-02-09,160
CR-V RHD,Ireland,-26,2026-02-09,20
HR-V LHD,Germany,-26,2026-02-09,63
HR-V LHD,France,-26,2026-02-09,47
HR-V LHD,Italy,-26,2026-02-09,30
HR-V LHD,Spain,-26,2026-02-09,27
HR-V LHD,Netherlands,-26,2026-02-09,20
HR-V LHD,Belgium,-26,2026-02-09,17
HR-V LHD,Poland,-26,2026-02-09,15
HR-V LHD,Nordics,-26,2026-02-09,20
HR-V LHD,Portugal,-26,2026-02-09,15
HR-V RHD,UK,-26,2026-02-09,80
HR-V RHD,Ireland,-26,2026-02-09,10
Jazz LHD,Germany,-26,2026-02-09,76
Jazz LHD,France,-26,2026-02-09,56
Jazz LHD,Italy,-26,2026-02-09,36
Jazz LHD,Spain,-26,2026-02-09,32
Jazz LHD,Netherlands,-26,2026-02-09,24
Jazz LHD,Belgium,-26,2026-02-09,20
Jazz LHD,Poland,-26,2026-02-09,18
Jazz LHD,Nordics,-26,2026-02-09,24
Jazz LHD,Portugal,-26,2026-02-09,18
Jazz RHD,UK,-26,2026-02-09,96
Jazz RHD,Ireland,-26,2026-02-09,12
e:Ny1 LHD,Germany,-26,2026-02-09,31
e:Ny1 LHD,France,-26,2026-02-09,23
e:Ny1 LHD,Netherlands,-26,2026-02-09,10
e:Ny1 LHD,Belgium,-26,2026-02-09,8
e:Ny1 LHD,Nordics,-26,2026-02-09,10
e:Ny1 RHD,UK,-26,2026-02-09,40
e:Ny1 RHD,Ireland,-26,2026-02-09,5
Civic LHD,Germany,-25,2026-02-16,126
Civic LHD,France,-25,2026-02-16,93
Civic LHD,Italy,-25,2026-02-16,60
Civic LHD,Spain,-25,2026-02-16,53
Civic LHD,Netherlands,-25,2026-02-16,40
Civic LHD,Belgium,-25,2026-02-16,33
Civic LHD,Poland,-25,2026-02-16,30
Civic LHD,Nordics,-25,2026-02-16,40
Civic LHD,Portugal,-25,2026-02-16,30
Civic RHD,UK,-25,2026-02-16,159
Civic RHD,Ireland,-25,2026-02-16,20
CR-V LHD,Germany,-25,2026-02-16,126
CR-V LHD,France,-25,2026-02-16,93
CR-V LHD,Italy,-25,2026-02-16,60
CR-V LHD,Spain,-25,2026-02-16,53
CR-V LHD,Netherlands,-25,2026-02-16,40
CR-V LHD,Belgium,-25,2026-02-16,33
CR-V LHD,Poland,-25,2026-02-16,30
CR-V LHD,Nordics,-25,2026-02-16,40
CR-V LHD,Portugal,-25,2026-02-16,30
CR-V RHD,UK,-25,2026-02-16,159
CR-V RHD,Ireland,-25,2026-02-16,20
HR-V LHD,Germany,-25,2026-02-16,63
HR-V LHD,France,-25,2026-02-16,46
HR-V LHD,Italy,-25,2026-02-16,30
HR-V LHD,Spain,-25,2026-02-16,27
HR-V LHD,Netherlands,-25,2026-02-16,20
HR-V LHD,Belgium,-25,2026-02-16,17
HR-V LHD,Poland,-25,2026-02-16,15
HR-V LHD,Nordics,-25,2026-02-16,20
HR-V LHD,Portugal,-25,2026-02-16,15
HR-V RHD,UK,-25,2026-02-16,80
HR-V RHD,Ireland,-25,2026-02-16,10
Jazz LHD,Germany,-25,2026-02-16,76
Jazz LHD,France,-25,2026-02-16,56
Jazz LHD,Italy,-25,2026-02-16,36
Jazz LHD,Spain,-25,2026-02-16,32
Jazz LHD,Netherlands,-25,2026-02-16,24
Jazz LHD,Belgium,-25,2026-02-16,20
Jazz LHD,Poland,-25,2026-02-16,18
Jazz LHD,Nordics,-25,2026-02-16,24
Jazz LHD,Portugal,-25,2026-02-16,18
Jazz RHD,UK,-25,2026-02-16,96
Jazz RHD,Ireland,-25,2026-02-16,12
e:Ny1 LHD,Germany,-25,2026-02-16,32
e:Ny1 LHD,France,-25,2026-02-16,24
e:Ny1 LHD,Netherlands,-25,2026-02-16,10
e:Ny1 LHD,Belgium,-25,2026-02-16,8
e:Ny1 LHD,Nordics,-25,2026-02-16,10
e:Ny1 RHD,UK,-25,2026-02-16,41
e:Ny1 RHD,Ireland,-25,2026-02-16,5
Civic LHD,Germany,-24,2026-02-23,126
Civic LHD,France,-24,2026-02-23,93
Civic LHD,Italy,-24,2026-02-23,60
Civic LHD,Spain,-24,2026-02-23,53
Civic LHD,Netherlands,-24,2026-02-23,40
Civic LHD,Belgium,-24,2026-02-23,33
Civic LHD,Poland,-24,2026-02-23,30
Civic LHD,Nordics,-24,2026-02-23,40
Civic LHD,Portugal,-24,2026-02-23,30
Civic RHD,UK,-24,2026-02-23,159
Civic RHD,Ireland,-24,2026-02-23,20
CR-V LHD,Germany,-24,2026-02-23,126
CR-V LHD,France,-24,2026-02-23,93
CR-V LHD,Italy,-24,2026-02-23,60
CR-V LHD,Spain,-24,2026-02-23,53
CR-V LHD,Netherlands,-24,2026-02-23,40
CR-V LHD,Belgium,-24,2026-02-23,33
CR-V LHD,Poland,-24,2026-02-23,30
CR-V LHD,Nordics,-24,2026-02-23,40
CR-V LHD,Portugal,-24,2026-02-23,30
CR-V RHD,UK,-24,2026-02-23,159
CR-V RHD,Ireland,-24,2026-02-23,20
HR-V LHD,Germany,-24,2026-02-23,63
HR-V LHD,France,-24,2026-02-23,46
HR-V LHD,Italy,-24,2026-02-23,30
HR-V LHD,Spain,-24,2026-02-23,27
HR-V LHD,Netherlands,-24,2026-02-23,20
HR-V LHD,Belgium,-24,2026-02-23,17
HR-V LHD,Poland,-24,2026-02-23,15
HR-V LHD,Nordics,-24,2026-02-23,20
HR-V LHD,Portugal,-24,2026-02-23,15
HR-V RHD,UK,-24,2026-02-23,80
HR-V RHD,Ireland,-24,2026-02-23,10
Jazz LHD,Germany,-24,2026-02-23,76
Jazz LHD,France,-24,2026-02-23,56
Jazz LHD,Italy,-24,2026-02-23,36
Jazz LHD,Spain,-24,2026-02-23,32
Jazz LHD,Netherlands,-24,2026-02-23,24
Jazz LHD,Belgium,-24,2026-02-23,20
Jazz LHD,Poland,-24,2026-02-23,18
Jazz LHD,Nordics,-24,2026-02-23,24
Jazz LHD,Portugal,-24,2026-02-23,18
Jazz RHD,UK,-24,2026-02-23,95
Jazz RHD,Ireland,-24,2026-02-23,12
e:Ny1 LHD,Germany,-24,2026-02-23,33
e:Ny1 LHD,France,-24,2026-02-23,24
e:Ny1 LHD,Netherlands,-24,2026-02-23,10
e:Ny1 LHD,Belgium,-24,2026-02-23,9
e:Ny1 LHD,Nordics,-24,2026-02-23,10
e:Ny1 RHD,UK,-24,2026-02-23,41
e:Ny1 RHD,Ireland,-24,2026-02-23,5
Civic LHD,Germany,-23,2026-03-02,126
Civic LHD,France,-23,2026-03-02,93
Civic LHD,Italy,-23,2026-03-02,60
Civic LHD,Spain,-23,2026-03-02,53
Civic LHD,Netherlands,-23,2026-03-02,40
Civic LHD,Belgium,-23,2026-03-02,33
Civic LHD,Poland,-23,2026-03-02,30
Civic LHD,Nordics,-23,2026-03-02,40
Civic LHD,Portugal,-23,2026-03-02,30
Civic RHD,UK,-23,2026-03-02,222
Civic RHD,Ireland,-23,2026-03-02,20
CR-V LHD,Germany,-23,2026-03-02,126
CR-V LHD,France,-23,2026-03-02,93
CR-V LHD,Italy,-23,2026-03-02,60
CR-V LHD,Spain,-23,2026-03-02,53
CR-V LHD,Netherlands,-23,2026-03-02,40
CR-V LHD,Belgium,-23,2026-03-02,33
CR-V LHD,Poland,-23,2026-03-02,30
CR-V LHD,Nordics,-23,2026-03-02,40
CR-V LHD,Portugal,-23,2026-03-02,30
CR-V RHD,UK,-23,2026-03-02,222
CR-V RHD,Ireland,-23,2026-03-02,20
HR-V LHD,Germany,-23,2026-03-02,63
HR-V LHD,France,-23,2026-03-02,46
HR-V LHD,Italy,-23,2026-03-02,30
HR-V LHD,Spain,-23,2026-03-02,26
HR-V LHD,Netherlands,-23,2026-03-02,20
HR-V LHD,Belgium,-23,2026-03-02,17
HR-V LHD,Poland,-23,2026-03-02,15
HR-V LHD,Nordics,-23,2026-03-02,20
HR-V LHD,Portugal,-23,2026-03-02,15
HR-V RHD,UK,-23,2026-03-02,111
HR-V RHD,Ireland,-23,2026-03-02,10
Jazz LHD,Germany,-23,2026-03-02,75
Jazz LHD,France,-23,2026-03-02,56
Jazz LHD,Italy,-23,2026-03-02,36
Jazz LHD,Spain,-23,2026-03-02,32
Jazz LHD,Netherlands,-23,2026-03-02,24
Jazz LHD,Belgium,-23,2026-03-02,20
Jazz LHD,Poland,-23,2026-03-02,18
Jazz LHD,Nordics,-23,2026-03-02,24
Jazz LHD,Portugal,-23,2026-03-02,18
Jazz RHD,UK,-23,2026-03-02,133
Jazz RHD,Ireland,-23,2026-03-02,12
e:Ny1 LHD,Germany,-23,2026-03-02,34
e:Ny1 LHD,France,-23,2026-03-02,25
e:Ny1 LHD,Netherlands,-23,2026-03-02,11
e:Ny1 LHD,Belgium,-23,2026-03-02,9
e:Ny1 LHD,Nordics,-23,2026-03-02,11
e:Ny1 RHD,UK,-23,2026-03-02,59
e:Ny1 RHD,Ireland,-23,2026-03-02,5
Civic LHD,Germany,-22,2026-03-09,126
Civic LHD,France,-22,2026-03-09,93
Civic LHD,Italy,-22,2026-03-09,60
Civic LHD,Spain,-22,2026-03-09,53
Civic LHD,Netherlands,-22,2026-03-09,40
Civic LHD,Belgium,-22,2026-03-09,33
Civic LHD,Poland,-22,2026-03-09,30
Civic LHD,Nordics,-22,2026-03-09,40
Civic LHD,Portugal,-22,2026-03-09,30
Civic RHD,UK,-22,2026-03-09,222
Civic RHD,Ireland,-22,2026-03-09,20
CR-V LHD,Germany,-22,2026-03-09,126
CR-V LHD,France,-22,2026-03-09,93
CR-V LHD,Italy,-22,2026-03-09,60
CR-V LHD,Spain,-22,2026-03-09,53
CR-V LHD,Netherlands,-22,2026-03-09,40
CR-V LHD,Belgium,-22,2026-03-09,33
CR-V LHD,Poland,-22,2026-03-09,30
CR-V LHD,Nordics,-22,2026-03-09,40
CR-V LHD,Portugal,-22,2026-03-09,30
CR-V RHD,UK,-22,2026-03-09,222
CR-V RHD,Ireland,-22,2026-03-09,20
HR-V LHD,Germany,-22,2026-03-09,63
HR-V LHD,France,-22,2026-03-09,46
HR-V LHD,Italy,-22,2026-03-09,30
HR-V LHD,Spain,-22,2026-03-09,26
HR-V LHD,Netherlands,-22,2026-03-09,20
HR-V LHD,Belgium,-22,2026-03-09,17
HR-V LHD,Poland,-22,2026-03-09,15
HR-V LHD,Nordics,-22,2026-03-09,20
HR-V LHD,Portugal,-22,2026-03-09,15
HR-V RHD,UK,-22,2026-03-09,111
HR-V RHD,Ireland,-22,2026-03-09,10
Jazz LHD,Germany,-22,2026-03-09,75
Jazz LHD,France,-22,2026-03-09,56
Jazz LHD,Italy,-22,2026-03-09,36
Jazz LHD,Spain,-22,2026-03-09,32
Jazz LHD,Netherlands,-22,2026-03-09,24
Jazz LHD,Belgium,-22,2026-03-09,20
Jazz LHD,Poland,-22,2026-03-09,18
Jazz LHD,Nordics,-22,2026-03-09,24
Jazz LHD,Portugal,-22,2026-03-09,18
Jazz RHD,UK,-22,2026-03-09,133
Jazz RHD,Ireland,-22,2026-03-09,12
e:Ny1 LHD,Germany,-22,2026-03-09,34
e:Ny1 LHD,France,-22,2026-03-09,25
e:Ny1 LHD,Netherlands,-22,2026-03-09,11
e:Ny1 LHD,Belgium,-22,2026-03-09,9
e:Ny1 LHD,Nordics,-22,2026-03-09,11
e:Ny1 RHD,UK,-22,2026-03-09,61
e:Ny1 RHD,Ireland,-22,2026-03-09,5
Civic LHD,Germany,-21,2026-03-16,125
Civic LHD,France,-21,2026-03-16,92
Civic LHD,Italy,-21,2026-03-16,59
Civic LHD,Spain,-21,2026-03-16,53
Civic LHD,Netherlands,-21,2026-03-16,40
Civic LHD,Belgium,-21,2026-03-16,33
Civic LHD,Poland,-21,2026-03-16,30
Civic LHD,Nordics,-21,2026-03-16,40
Civic LHD,Portugal,-21,2026-03-16,30
Civic RHD,UK,-21,2026-03-16,222
Civic RHD,Ireland,-21,2026-03-16,20
CR-V LHD,Germany,-21,2026-03-16,125
CR-V LHD,France,-21,2026-03-16,92
CR-V LHD,Italy,-21,2026-03-16,59
CR-V LHD,Spain,-21,2026-03-16,53
CR-V LHD,Netherlands,-21,2026-03-16,40
CR-V LHD,Belgium,-21,2026-03-16,33
CR-V LHD,Poland,-21,2026-03-16,30
CR-V LHD,Nordics,-21,2026-03-16,40
CR-V LHD,Portugal,-21,2026-03-16,30
CR-V RHD,UK,-21,2026-03-16,222
CR-V RHD,Ireland,-21,2026-03-16,20
HR-V LHD,Germany,-21,2026-03-16,63
HR-V LHD,France,-21,2026-03-16,46
HR-V LHD,Italy,-21,2026-03-16,30
HR-V LHD,Spain,-21,2026-03-16,26
HR-V LHD,Netherlands,-21,2026-03-16,20
HR-V LHD,Belgium,-21,2026-03-16,17
HR-V LHD,Poland,-21,2026-03-16,15
HR-V LHD,Nordics,-21,2026-03-16,20
HR-V LHD,Portugal,-21,2026-03-16,15
HR-V RHD,UK,-21,2026-03-16,111
HR-V RHD,Ireland,-21,2026-03-16,10
Jazz LHD,Germany,-21,2026-03-16,75
Jazz LHD,France,-21,2026-03-16,55
Jazz LHD,Italy,-21,2026-03-16,36
Jazz LHD,Spain,-21,2026-03-16,32
Jazz LHD,Netherlands,-21,2026-03-16,24
Jazz LHD,Belgium,-21,2026-03-16,20
Jazz LHD,Poland,-21,2026-03-16,18
Jazz LHD,Nordics,-21,2026-03-16,24
Jazz LHD,Portugal,-21,2026-03-16,18
Jazz RHD,UK,-21,2026-03-16,133
Jazz RHD,Ireland,-21,2026-03-16,12
e:Ny1 LHD,Germany,-21,2026-03-16,35
e:Ny1 LHD,France,-21,2026-03-16,26
e:Ny1 LHD,Netherlands,-21,2026-03-16,11
e:Ny1 LHD,Belgium,-21,2026-03-16,9
e:Ny1 LHD,Nordics,-21,2026-03-16,11
e:Ny1 RHD,UK,-21,2026-03-16,62
e:Ny1 RHD,Ireland,-21,2026-03-16,6
Civic LHD,Germany,-20,2026-03-23,125
Civic LHD,France,-20,2026-03-23,92
Civic LHD,Italy,-20,2026-03-23,59
Civic LHD,Spain,-20,2026-03-23,53
Civic LHD,Netherlands,-20,2026-03-23,40
Civic LHD,Belgium,-20,2026-03-23,33
Civic LHD,Poland,-20,2026-03-23,30
Civic LHD,Nordics,-20,2026-03-23,40
Civic LHD,Portugal,-20,2026-03-23,30
Civic RHD,UK,-20,2026-03-23,222
Civic RHD,Ireland,-20,2026-03-23,20
CR-V LHD,Germany,-20,2026-03-23,125
CR-V LHD,France,-20,2026-03-23,92
CR-V LHD,Italy,-20,2026-03-23,59
CR-V LHD,Spain,-20,2026-03-23,53
CR-V LHD,Netherlands,-20,2026-03-23,40
CR-V LHD,Belgium,-20,2026-03-23,33
CR-V LHD,Poland,-20,2026-03-23,30
CR-V LHD,Nordics,-20,2026-03-23,40
CR-V LHD,Portugal,-20,2026-03-23,30
CR-V RHD,UK,-20,2026-03-23,222
CR-V RHD,Ireland,-20,2026-03-23,20
HR-V LHD,Germany,-20,2026-03-23,63
HR-V LHD,France,-20,2026-03-23,46
HR-V LHD,Italy,-20,2026-03-23,30
HR-V LHD,Spain,-20,2026-03-23,26
HR-V LHD,Netherlands,-20,2026-03-23,20
HR-V LHD,Belgium,-20,2026-03-23,16
HR-V LHD,Poland,-20,2026-03-23,15
HR-V LHD,Nordics,-20,2026-03-23,20
HR-V LHD,Portugal,-20,2026-03-23,15
HR-V RHD,UK,-20,2026-03-23,111
HR-V RHD,Ireland,-20,2026-03-23,10
Jazz LHD,Germany,-20,2026-03-23,75
Jazz LHD,France,-20,2026-03-23,55
Jazz LHD,Italy,-20,2026-03-23,36
Jazz LHD,Spain,-20,2026-03-23,32
Jazz LHD,Netherlands,-20,2026-03-23,24
Jazz LHD,Belgium,-20,2026-03-23,20
Jazz LHD,Poland,-20,2026-03-23,18
Jazz LHD,Nordics,-20,2026-03-23,24
Jazz LHD,Portugal,-20,2026-03-23,18
Jazz RHD,UK,-20,2026-03-23,133
Jazz RHD,Ireland,-20,2026-03-23,12
e:Ny1 LHD,Germany,-20,2026-03-23,36
e:Ny1 LHD,France,-20,2026-03-23,26
e:Ny1 LHD,Netherlands,-20,2026-03-23,11
e:Ny1 LHD,Belgium,-20,2026-03-23,9
e:Ny1 LHD,Nordics,-20,2026-03-23,11
e:Ny1 RHD,UK,-20,2026-03-23,63
e:Ny1 RHD,Ireland,-20,2026-03-23,6
Civic LHD,Germany,-19,2026-03-30,125
Civic LHD,France,-19,2026-03-30,92
Civic LHD,Italy,-19,2026-03-30,59
Civic LHD,Spain,-19,2026-03-30,53
Civic LHD,Netherlands,-19,2026-03-30,40
Civic LHD,Belgium,-19,2026-03-30,33
Civic LHD,Poland,-19,2026-03-30,30
Civic LHD,Nordics,-19,2026-03-30,40
Civic LHD,Portugal,-19,2026-03-30,30
Civic RHD,UK,-19,2026-03-30,221
Civic RHD,Ireland,-19,2026-03-30,20
CR-V LHD,Germany,-19,2026-03-30,125
CR-V LHD,France,-19,2026-03-30,92
CR-V LHD,Italy,-19,2026-03-30,59
CR-V LHD,Spain,-19,2026-03-30,53
CR-V LHD,Netherlands,-19,2026-03-30,40
CR-V LHD,Belgium,-19,2026-03-30,33
CR-V LHD,Poland,-19,2026-03-30,30
CR-V LHD,Nordics,-19,2026-03-30,40
CR-V LHD,Portugal,-19,2026-03-30,30
CR-V RHD,UK,-19,2026-03-30,221
CR-V RHD,Ireland,-19,2026-03-30,20
HR-V LHD,Germany,-19,2026-03-30,63
HR-V LHD,France,-19,2026-03-30,46
HR-V LHD,Italy,-19,2026-03-30,30
HR-V LHD,Spain,-19,2026-03-30,26
HR-V LHD,Netherlands,-19,2026-03-30,20
HR-V LHD,Belgium,-19,2026-03-30,16
HR-V LHD,Poland,-19,2026-03-30,15
HR-V LHD,Nordics,-19,2026-03-30,20
HR-V LHD,Portugal,-19,2026-03-30,15
HR-V RHD,UK,-19,2026-03-30,111
HR-V RHD,Ireland,-19,2026-03-30,10
Jazz LHD,Germany,-19,2026-03-30,75
Jazz LHD,France,-19,2026-03-30,55
Jazz LHD,Italy,-19,2026-03-30,36
Jazz LHD,Spain,-19,2026-03-30,32
Jazz LHD,Netherlands,-19,2026-03-30,24
Jazz LHD,Belgium,-19,2026-03-30,20
Jazz LHD,Poland,-19,2026-03-30,18
Jazz LHD,Nordics,-19,2026-03-30,24
Jazz LHD,Portugal,-19,2026-03-30,18
Jazz RHD,UK,-19,2026-03-30,133
Jazz RHD,Ireland,-19,2026-03-30,12
e:Ny1 LHD,Germany,-19,2026-03-30,36
e:Ny1 LHD,France,-19,2026-03-30,27
e:Ny1 LHD,Netherlands,-19,2026-03-30,11
e:Ny1 LHD,Belgium,-19,2026-03-30,10
e:Ny1 LHD,Nordics,-19,2026-03-30,11
e:Ny1 RHD,UK,-19,2026-03-30,64
e:Ny1 RHD,Ireland,-19,2026-03-30,6
Civic LHD,Germany,-18,2026-04-06,125
Civic LHD,France,-18,2026-04-06,92
Civic LHD,Italy,-18,2026-04-06,59
Civic LHD,Spain,-18,2026-04-06,53
Civic LHD,Netherlands,-18,2026-04-06,39
Civic LHD,Belgium,-18,2026-04-06,33
Civic LHD,Poland,-18,2026-04-06,30
Civic LHD,Nordics,-18,2026-04-06,39
Civic LHD,Portugal,-18,2026-04-06,30
Civic RHD,UK,-18,2026-04-06,158
Civic RHD,Ireland,-18,2026-04-06,20
CR-V LHD,Germany,-18,2026-04-06,125
CR-V LHD,France,-18,2026-04-06,92
CR-V LHD,Italy,-18,2026-04-06,59
CR-V LHD,Spain,-18,2026-04-06,53
CR-V LHD,Netherlands,-18,2026-04-06,39
CR-V LHD,Belgium,-18,2026-04-06,33
CR-V LHD,Poland,-18,2026-04-06,30
CR-V LHD,Nordics,-18,2026-04-06,39
CR-V LHD,Portugal,-18,2026-04-06,30
CR-V RHD,UK,-18,2026-04-06,158
CR-V RHD,Ireland,-18,2026-04-06,20
HR-V LHD,Germany,-18,2026-04-06,62
HR-V LHD,France,-18,2026-04-06,46
HR-V LHD,Italy,-18,2026-04-06,30
HR-V LHD,Spain,-18,2026-04-06,26
HR-V LHD,Netherlands,-18,2026-04-06,20
HR-V LHD,Belgium,-18,2026-04-06,16
HR-V LHD,Poland,-18,2026-04-06,15
HR-V LHD,Nordics,-18,2026-04-06,20
HR-V LHD,Portugal,-18,2026-04-06,15
HR-V RHD,UK,-18,2026-04-06,79
HR-V RHD,Ireland,-18,2026-04-06,10
Jazz LHD,Germany,-18,2026-04-06,75
Jazz LHD,France,-18,2026-04-06,55
Jazz LHD,Italy,-18,2026-04-06,36
Jazz LHD,Spain,-18,2026-04-06,32
Jazz LHD,Netherlands,-18,2026-04-06,24
Jazz LHD,Belgium,-18,2026-04-06,20
Jazz LHD,Poland,-18,2026-04-06,18
Jazz LHD,Nordics,-18,2026-04-06,24
Jazz LHD,Portugal,-18,2026-04-06,18
Jazz RHD,UK,-18,2026-04-06,95
Jazz RHD,Ireland,-18,2026-04-06,12
e:Ny1 LHD,Germany,-18,2026-04-06,37
e:Ny1 LHD,France,-18,2026-04-06,27
e:Ny1 LHD,Netherlands,-18,2026-04-06,12
e:Ny1 LHD,Belgium,-18,2026-04-06,10
e:Ny1 LHD,Nordics,-18,2026-04-06,12
e:Ny1 RHD,UK,-18,2026-04-06,47
e:Ny1 RHD,Ireland,-18,2026-04-06,6
Civic LHD,Germany,-17,2026-04-13,125
Civic LHD,France,-17,2026-04-13,92
Civic LHD,Italy,-17,2026-04-13,59
Civic LHD,Spain,-17,2026-04-13,53
Civic LHD,Netherlands,-17,2026-04-13,39
Civic LHD,Belgium,-17,2026-04-13,33
Civic LHD,Poland,-17,2026-04-13,30
Civic LHD,Nordics,-17,2026-04-13,39
Civic LHD,Portugal,-17,2026-04-13,30
Civic RHD,UK,-17,2026-04-13,158
Civic RHD,Ireland,-17,2026-04-13,20
CR-V LHD,Germany,-17,2026-04-13,125
CR-V LHD,France,-17,2026-04-13,92
CR-V LHD,Italy,-17,2026-04-13,59
CR-V LHD,Spain,-17,2026-04-13,53
CR-V LHD,Netherlands,-17,2026-04-13,39
CR-V LHD,Belgium,-17,2026-04-13,33
CR-V LHD,Poland,-17,2026-04-13,30
CR-V LHD,Nordics,-17,2026-04-13,39
CR-V LHD,Portugal,-17,2026-04-13,30
CR-V RHD,UK,-17,2026-04-13,158
CR-V RHD,Ireland,-17,2026-04-13,20
HR-V LHD,Germany,-17,2026-04-13,62
HR-V LHD,France,-17,2026-04-13,46
HR-V LHD,Italy,-17,2026-04-13,30
HR-V LHD,Spain,-17,2026-04-13,26
HR-V LHD,Netherlands,-17,2026-04-13,20
HR-V LHD,Belgium,-17,2026-04-13,16
HR-V LHD,Poland,-17,2026-04-13,15
HR-V LHD,Nordics,-17,2026-04-13,20
HR-V LHD,Portugal,-17,2026-04-13,15
HR-V RHD,UK,-17,2026-04-13,79
HR-V RHD,Ireland,-17,2026-04-13,10
Jazz LHD,Germany,-17,2026-04-13,75
Jazz LHD,France,-17,2026-04-13,55
Jazz LHD,Italy,-17,2026-04-13,35
Jazz LHD,Spain,-17,2026-04-13,32
Jazz LHD,Netherlands,-17,2026-04-13,24
Jazz LHD,Belgium,-17,2026-04-13,20
Jazz LHD,Poland,-17,2026-04-13,18
Jazz LHD,Nordics,-17,2026-04-13,24
Jazz LHD,Portugal,-17,2026-04-13,18
Jazz RHD,UK,-17,2026-04-13,95
Jazz RHD,Ireland,-17,2026-04-13,12
e:Ny1 LHD,Germany,-17,2026-04-13,38
e:Ny1 LHD,France,-17,2026-04-13,28
e:Ny1 LHD,Netherlands,-17,2026-04-13,12
e:Ny1 LHD,Belgium,-17,2026-04-13,10
e:Ny1 LHD,Nordics,-17,2026-04-13,12
e:Ny1 RHD,UK,-17,2026-04-13,48
e:Ny1 RHD,Ireland,-17,2026-04-13,6
Civic LHD,Germany,-16,2026-04-20,125
Civic LHD,France,-16,2026-04-20,92
Civic LHD,Italy,-16,2026-04-20,59
Civic LHD,Spain,-16,2026-04-20,52
Civic LHD,Netherlands,-16,2026-04-20,39
Civic LHD,Belgium,-16,2026-04-20,33
Civic LHD,Poland,-16,2026-04-20,30
Civic LHD,Nordics,-16,2026-04-20,39
Civic LHD,Portugal,-16,2026-04-20,30
Civic RHD,UK,-16,2026-04-20,157
Civic RHD,Ireland,-16,2026-04-20,20
CR-V LHD,Germany,-16,2026-04-20,125
CR-V LHD,France,-16,2026-04-20,92
CR-V LHD,Italy,-16,2026-04-20,59
CR-V LHD,Spain,-16,2026-04-20,52
CR-V LHD,Netherlands,-16,2026-04-20,39
CR-V LHD,Belgium,-16,2026-04-20,33
CR-V LHD,Poland,-16,2026-04-20,30
CR-V LHD,Nordics,-16,2026-04-20,39
CR-V LHD,Portugal,-16,2026-04-20,30
CR-V RHD,UK,-16,2026-04-20,157
CR-V RHD,Ireland,-16,2026-04-20,20
HR-V LHD,Germany,-16,2026-04-20,62
HR-V LHD,France,-16,2026-04-20,46
HR-V LHD,Italy,-16,2026-04-20,30
HR-V LHD,Spain,-16,2026-04-20,26
HR-V LHD,Netherlands,-16,2026-04-20,20
HR-V LHD,Belgium,-16,2026-04-20,16
HR-V LHD,Poland,-16,2026-04-20,15
HR-V LHD,Nordics,-16,2026-04-20,20
HR-V LHD,Portugal,-16,2026-04-20,15
HR-V RHD,UK,-16,2026-04-20,79
HR-V RHD,Ireland,-16,2026-04-20,10
Jazz LHD,Germany,-16,2026-04-20,75
Jazz LHD,France,-16,2026-04-20,55
Jazz LHD,Italy,-16,2026-04-20,35
Jazz LHD,Spain,-16,2026-04-20,31
Jazz LHD,Netherlands,-16,2026-04-20,24
Jazz LHD,Belgium,-16,2026-04-20,20
Jazz LHD,Poland,-16,2026-04-20,18
Jazz LHD,Nordics,-16,2026-04-20,24
Jazz LHD,Portugal,-16,2026-04-20,18
Jazz RHD,UK,-16,2026-04-20,94
Jazz RHD,Ireland,-16,2026-04-20,12
e:Ny1 LHD,Germany,-16,2026-04-20,38
e:Ny1 LHD,France,-16,2026-04-20,28
e:Ny1 LHD,Netherlands,-16,2026-04-20,12
e:Ny1 LHD,Belgium,-16,2026-04-20,10
e:Ny1 LHD,Nordics,-16,2026-04-20,12
e:Ny1 RHD,UK,-16,2026-04-20,49
e:Ny1 RHD,Ireland,-16,2026-04-20,6
Civic LHD,Germany,-15,2026-04-27,124
Civic LHD,France,-15,2026-04-27,92
Civic LHD,Italy,-15,2026-04-27,59
Civic LHD,Spain,-15,2026-04-27,52
Civic LHD,Netherlands,-15,2026-04-27,39
Civic LHD,Belgium,-15,2026-04-27,33
Civic LHD,Poland,-15,2026-04-27,29
Civic LHD,Nordics,-15,2026-04-27,39
Civic LHD,Portugal,-15,2026-04-27,29
Civic RHD,UK,-15,2026-04-27,157
Civic RHD,Ireland,-15,2026-04-27,20
CR-V LHD,Germany,-15,2026-04-27,124
CR-V LHD,France,-15,2026-04-27,92
CR-V LHD,Italy,-15,2026-04-27,59
CR-V LHD,Spain,-15,2026-04-27,52
CR-V LHD,Netherlands,-15,2026-04-27,39
CR-V LHD,Belgium,-15,2026-04-27,33
CR-V LHD,Poland,-15,2026-04-27,29
CR-V LHD,Nordics,-15,2026-04-27,39
CR-V LHD,Portugal,-15,2026-04-27,29
CR-V RHD,UK,-15,2026-04-27,157
CR-V RHD,Ireland,-15,2026-04-27,20
HR-V LHD,Germany,-15,2026-04-27,62
HR-V LHD,France,-15,2026-04-27,46
HR-V LHD,Italy,-15,2026-04-27,29
HR-V LHD,Spain,-15,2026-04-27,26
HR-V LHD,Netherlands,-15,2026-04-27,20
HR-V LHD,Belgium,-15,2026-04-27,16
HR-V LHD,Poland,-15,2026-04-27,15
HR-V LHD,Nordics,-15,2026-04-27,20
HR-V LHD,Portugal,-15,2026-04-27,15
HR-V RHD,UK,-15,2026-04-27,79
HR-V RHD,Ireland,-15,2026-04-27,10
Jazz LHD,Germany,-15,2026-04-27,75
Jazz LHD,France,-15,2026-04-27,55
Jazz LHD,Italy,-15,2026-04-27,35
Jazz LHD,Spain,-15,2026-04-27,31
Jazz LHD,Netherlands,-15,2026-04-27,24
Jazz LHD,Belgium,-15,2026-04-27,20
Jazz LHD,Poland,-15,2026-04-27,18
Jazz LHD,Nordics,-15,2026-04-27,24
Jazz LHD,Portugal,-15,2026-04-27,18
Jazz RHD,UK,-15,2026-04-27,94
Jazz RHD,Ireland,-15,2026-04-27,12
e:Ny1 LHD,Germany,-15,2026-04-27,39
e:Ny1 LHD,France,-15,2026-04-27,29
e:Ny1 LHD,Netherlands,-15,2026-04-27,12
e:Ny1 LHD,Belgium,-15,2026-04-27,10
e:Ny1 LHD,Nordics,-15,2026-04-27,12
e:Ny1 RHD,UK,-15,2026-04-27,49
e:Ny1 RHD,Ireland,-15,2026-04-27,6
Civic LHD,Germany,-14,2026-05-04,124
Civic LHD,France,-14,2026-05-04,92
Civic LHD,Italy,-14,2026-05-04,59
Civic LHD,Spain,-14,2026-05-04,52
Civic LHD,Netherlands,-14,2026-05-04,39
Civic LHD,Belgium,-14,2026-05-04,33
Civic LHD,Poland,-14,2026-05-04,29
Civic LHD,Nordics,-14,2026-05-04,39
Civic LHD,Portugal,-14,2026-05-04,29
Civic RHD,UK,-14,2026-05-04,157
Civic RHD,Ireland,-14,2026-05-04,20
CR-V LHD,Germany,-14,2026-05-04,124
CR-V LHD,France,-14,2026-05-04,92
CR-V LHD,Italy,-14,2026-05-04,59
CR-V LHD,Spain,-14,2026-05-04,52
CR-V LHD,Netherlands,-14,2026-05-04,39
CR-V LHD,Belgium,-14,2026-05-04,33
CR-V LHD,Poland,-14,2026-05-04,29
CR-V LHD,Nordics,-14,2026-05-04,39
CR-V LHD,Portugal,-14,2026-05-04,29
CR-V RHD,UK,-14,2026-05-04,157
CR-V RHD,Ireland,-14,2026-05-04,20
HR-V LHD,Germany,-14,2026-05-04,62
HR-V LHD,France,-14,2026-05-04,46
HR-V LHD,Italy,-14,2026-05-04,29
HR-V LHD,Spain,-14,2026-05-04,26
HR-V LHD,Netherlands,-14,2026-05-04,20
HR-V LHD,Belgium,-14,2026-05-04,16
HR-V LHD,Poland,-14,2026-05-04,15
HR-V LHD,Nordics,-14,2026-05-04,20
HR-V LHD,Portugal,-14,2026-05-04,15
HR-V RHD,UK,-14,2026-05-04,78
HR-V RHD,Ireland,-14,2026-05-04,10
Jazz LHD,Germany,-14,2026-05-04,75
Jazz LHD,France,-14,2026-05-04,55
Jazz LHD,Italy,-14,2026-05-04,35
Jazz LHD,Spain,-14,2026-05-04,31
Jazz LHD,Netherlands,-14,2026-05-04,24
Jazz LHD,Belgium,-14,2026-05-04,20
Jazz LHD,Poland,-14,2026-05-04,18
Jazz LHD,Nordics,-14,2026-05-04,24
Jazz LHD,Portugal,-14,2026-05-04,18
Jazz RHD,UK,-14,2026-05-04,94
Jazz RHD,Ireland,-14,2026-05-04,12
e:Ny1 LHD,Germany,-14,2026-05-04,40
e:Ny1 LHD,France,-14,2026-05-04,29
e:Ny1 LHD,Netherlands,-14,2026-05-04,13
e:Ny1 LHD,Belgium,-14,2026-05-04,10
e:Ny1 LHD,Nordics,-14,2026-05-04,13
e:Ny1 RHD,UK,-14,2026-05-04,50
e:Ny1 RHD,Ireland,-14,2026-05-04,6
Civic LHD,Germany,-13,2026-05-11,124
Civic LHD,France,-13,2026-05-11,91
Civic LHD,Italy,-13,2026-05-11,59
Civic LHD,Spain,-13,2026-05-11,52
Civic LHD,Netherlands,-13,2026-05-11,39
Civic LHD,Belgium,-13,2026-05-11,33
Civic LHD,Poland,-13,2026-05-11,29
Civic LHD,Nordics,-13,2026-05-11,39
Civic LHD,Portugal,-13,2026-05-11,29
Civic RHD,UK,-13,2026-05-11,157
Civic RHD,Ireland,-13,2026-05-11,20
CR-V LHD,Germany,-13,2026-05-11,124
CR-V LHD,France,-13,2026-05-11,91
CR-V LHD,Italy,-13,2026-05-11,59
CR-V LHD,Spain,-13,2026-05-11,52
CR-V LHD,Netherlands,-13,2026-05-11,39
CR-V LHD,Belgium,-13,2026-05-11,33
CR-V LHD,Poland,-13,2026-05-11,29
CR-V LHD,Nordics,-13,2026-05-11,39
CR-V LHD,Portugal,-13,2026-05-11,29
CR-V RHD,UK,-13,2026-05-11,157
CR-V RHD,Ireland,-13,2026-05-11,20
HR-V LHD,Germany,-13,2026-05-11,62
HR-V LHD,France,-13,2026-05-11,46
HR-V LHD,Italy,-13,2026-05-11,29
HR-V LHD,Spain,-13,2026-05-11,26
HR-V LHD,Netherlands,-13,2026-05-11,20
HR-V LHD,Belgium,-13,2026-05-11,16
HR-V LHD,Poland,-13,2026-05-11,15
HR-V LHD,Nordics,-13,2026-05-11,20
HR-V LHD,Portugal,-13,2026-05-11,15
HR-V RHD,UK,-13,2026-05-11,78
HR-V RHD,Ireland,-13,2026-05-11,10
Jazz LHD,Germany,-13,2026-05-11,74
Jazz LHD,France,-13,2026-05-11,55
Jazz LHD,Italy,-13,2026-05-11,35
Jazz LHD,Spain,-13,2026-05-11,31
Jazz LHD,Netherlands,-13,2026-05-11,24
Jazz LHD,Belgium,-13,2026-05-11,20
Jazz LHD,Poland,-13,2026-05-11,18
Jazz LHD,Nordics,-13,2026-05-11,24
Jazz LHD,Portugal,-13,2026-05-11,18
Jazz RHD,UK,-13,2026-05-11,94
Jazz RHD,Ireland,-13,2026-05-11,12
e:Ny1 LHD,Germany,-13,2026-05-11,41
e:Ny1 LHD,France,-13,2026-05-11,30
e:Ny1 LHD,Netherlands,-13,2026-05-11,13
e:Ny1 LHD,Belgium,-13,2026-05-11,11
e:Ny1 LHD,Nordics,-13,2026-05-11,13
e:Ny1 RHD,UK,-13,2026-05-11,51
e:Ny1 RHD,Ireland,-13,2026-05-11,6
Civic LHD,Germany,-12,2026-05-18,124
Civic LHD,France,-12,2026-05-18,91
Civic LHD,Italy,-12,2026-05-18,59
Civic LHD,Spain,-12,2026-05-18,52
Civic LHD,Netherlands,-12,2026-05-18,39
Civic LHD,Belgium,-12,2026-05-18,33
Civic LHD,Poland,-12,2026-05-18,29
Civic LHD,Nordics,-12,2026-05-18,39
Civic LHD,Portugal,-12,2026-05-18,29
Civic RHD,UK,-12,2026-05-18,157
Civic RHD,Ireland,-12,2026-05-18,20
CR-V LHD,Germany,-12,2026-05-18,124
CR-V LHD,France,-12,2026-05-18,91
CR-V LHD,Italy,-12,2026-05-18,59
CR-V LHD,Spain,-12,2026-05-18,52
CR-V LHD,Netherlands,-12,2026-05-18,39
CR-V LHD,Belgium,-12,2026-05-18,33
CR-V LHD,Poland,-12,2026-05-18,29
CR-V LHD,Nordics,-12,2026-05-18,39
CR-V LHD,Portugal,-12,2026-05-18,29
CR-V RHD,UK,-12,2026-05-18,157
CR-V RHD,Ireland,-12,2026-05-18,20
HR-V LHD,Germany,-12,2026-05-18,62
HR-V LHD,France,-12,2026-05-18,46
HR-V LHD,Italy,-12,2026-05-18,29
HR-V LHD,Spain,-12,2026-05-18,26
HR-V LHD,Netherlands,-12,2026-05-18,20
HR-V LHD,Belgium,-12,2026-05-18,16
HR-V LHD,Poland,-12,2026-05-18,15
HR-V LHD,Nordics,-12,2026-05-18,20
HR-V LHD,Portugal,-12,2026-05-18,15
HR-V RHD,UK,-12,2026-05-18,78
HR-V RHD,Ireland,-12,2026-05-18,10
Jazz LHD,Germany,-12,2026-05-18,74
Jazz LHD,France,-12,2026-05-18,55
Jazz LHD,Italy,-12,2026-05-18,35
Jazz LHD,Spain,-12,2026-05-18,31
Jazz LHD,Netherlands,-12,2026-05-18,23
Jazz LHD,Belgium,-12,2026-05-18,20
Jazz LHD,Poland,-12,2026-05-18,18
Jazz LHD,Nordics,-12,2026-05-18,23
Jazz LHD,Portugal,-12,2026-05-18,18
Jazz RHD,UK,-12,2026-05-18,94
Jazz RHD,Ireland,-12,2026-05-18,12
e:Ny1 LHD,Germany,-12,2026-05-18,41
e:Ny1 LHD,France,-12,2026-05-18,30
e:Ny1 LHD,Netherlands,-12,2026-05-18,13
e:Ny1 LHD,Belgium,-12,2026-05-18,11
e:Ny1 LHD,Nordics,-12,2026-05-18,13
e:Ny1 RHD,UK,-12,2026-05-18,52
e:Ny1 RHD,Ireland,-12,2026-05-18,7
Civic LHD,Germany,-11,2026-05-25,124
Civic LHD,France,-11,2026-05-25,91
Civic LHD,Italy,-11,2026-05-25,59
Civic LHD,Spain,-11,2026-05-25,52
Civic LHD,Netherlands,-11,2026-05-25,39
Civic LHD,Belgium,-11,2026-05-25,33
Civic LHD,Poland,-11,2026-05-25,29
Civic LHD,Nordics,-11,2026-05-25,39
Civic LHD,Portugal,-11,2026-05-25,29
Civic RHD,UK,-11,2026-05-25,156
Civic RHD,Ireland,-11,2026-05-25,20
CR-V LHD,Germany,-11,2026-05-25,124
CR-V LHD,France,-11,2026-05-25,91
CR-V LHD,Italy,-11,2026-05-25,59
CR-V LHD,Spain,-11,2026-05-25,52
CR-V LHD,Netherlands,-11,2026-05-25,39
CR-V LHD,Belgium,-11,2026-05-25,33
CR-V LHD,Poland,-11,2026-05-25,29
CR-V LHD,Nordics,-11,2026-05-25,39
CR-V LHD,Portugal,-11,2026-05-25,29
CR-V RHD,UK,-11,2026-05-25,156
CR-V RHD,Ireland,-11,2026-05-25,20
HR-V LHD,Germany,-11,2026-05-25,62
HR-V LHD,France,-11,2026-05-25,46
HR-V LHD,Italy,-11,2026-05-25,29
HR-V LHD,Spain,-11,2026-05-25,26
HR-V LHD,Netherlands,-11,2026-05-25,20
HR-V LHD,Belgium,-11,2026-05-25,16
HR-V LHD,Poland,-11,2026-05-25,15
HR-V LHD,Nordics,-11,2026-05-25,20
HR-V LHD,Portugal,-11,2026-05-25,15
HR-V RHD,UK,-11,2026-05-25,78
HR-V RHD,Ireland,-11,2026-05-25,10
Jazz LHD,Germany,-11,2026-05-25,74
Jazz LHD,France,-11,2026-05-25,55
Jazz LHD,Italy,-11,2026-05-25,35
Jazz LHD,Spain,-11,2026-05-25,31
Jazz LHD,Netherlands,-11,2026-05-25,23
Jazz LHD,Belgium,-11,2026-05-25,20
Jazz LHD,Poland,-11,2026-05-25,18
Jazz LHD,Nordics,-11,2026-05-25,23
Jazz LHD,Portugal,-11,2026-05-25,18
Jazz RHD,UK,-11,2026-05-25,94
Jazz RHD,Ireland,-11,2026-05-25,12
e:Ny1 LHD,Germany,-11,2026-05-25,42
e:Ny1 LHD,France,-11,2026-05-25,31
e:Ny1 LHD,Netherlands,-11,2026-05-25,13
e:Ny1 LHD,Belgium,-11,2026-05-25,11
e:Ny1 LHD,Nordics,-11,2026-05-25,13
e:Ny1 RHD,UK,-11,2026-05-25,53
e:Ny1 RHD,Ireland,-11,2026-05-25,7
Civic LHD,Germany,-10,2026-06-01,124
Civic LHD,France,-10,2026-06-01,91
Civic LHD,Italy,-10,2026-06-01,59
Civic LHD,Spain,-10,2026-06-01,52
Civic LHD,Netherlands,-10,2026-06-01,39
Civic LHD,Belgium,-10,2026-06-01,33
Civic LHD,Poland,-10,2026-06-01,29
Civic LHD,Nordics,-10,2026-06-01,39
Civic LHD,Portugal,-10,2026-06-01,29
Civic RHD,UK,-10,2026-06-01,156
Civic RHD,Ireland,-10,2026-06-01,20
CR-V LHD,Germany,-10,2026-06-01,124
CR-V LHD,France,-10,2026-06-01,91
CR-V LHD,Italy,-10,2026-06-01,59
CR-V LHD,Spain,-10,2026-06-01,52
CR-V LHD,Netherlands,-10,2026-06-01,39
CR-V LHD,Belgium,-10,2026-06-01,33
CR-V LHD,Poland,-10,2026-06-01,29
CR-V LHD,Nordics,-10,2026-06-01,39
CR-V LHD,Portugal,-10,2026-06-01,29
CR-V RHD,UK,-10,2026-06-01,156
CR-V RHD,Ireland,-10,2026-06-01,20
HR-V LHD,Germany,-10,2026-06-01,62
HR-V LHD,France,-10,2026-06-01,46
HR-V LHD,Italy,-10,2026-06-01,29
HR-V LHD,Spain,-10,2026-06-01,26
HR-V LHD,Netherlands,-10,2026-06-01,20
HR-V LHD,Belgium,-10,2026-06-01,16
HR-V LHD,Poland,-10,2026-06-01,15
HR-V LHD,Nordics,-10,2026-06-01,20
HR-V LHD,Portugal,-10,2026-06-01,15
HR-V RHD,UK,-10,2026-06-01,78
HR-V RHD,Ireland,-10,2026-06-01,10
Jazz LHD,Germany,-10,2026-06-01,74
Jazz LHD,France,-10,2026-06-01,55
Jazz LHD,Italy,-10,2026-06-01,35
Jazz LHD,Spain,-10,2026-06-01,31
Jazz LHD,Netherlands,-10,2026-06-01,23
Jazz LHD,Belgium,-10,2026-06-01,20
Jazz LHD,Poland,-10,2026-06-01,18
Jazz LHD,Nordics,-10,2026-06-01,23
Jazz LHD,Portugal,-10,2026-06-01,18
Jazz RHD,UK,-10,2026-06-01,94
Jazz RHD,Ireland,-10,2026-06-01,12
e:Ny1 LHD,Germany,-10,2026-06-01,43
e:Ny1 LHD,France,-10,2026-06-01,31
e:Ny1 LHD,Netherlands,-10,2026-06-01,13
e:Ny1 LHD,Belgium,-10,2026-06-01,11
e:Ny1 LHD,Nordics,-10,2026-06-01,13
e:Ny1 RHD,UK,-10,2026-06-01,54
e:Ny1 RHD,Ireland,-10,2026-06-01,7
Civic LHD,Germany,-9,2026-06-08,123
Civic LHD,France,-9,2026-06-08,91
Civic LHD,Italy,-9,2026-06-08,58
Civic LHD,Spain,-9,2026-06-08,52
Civic LHD,Netherlands,-9,2026-06-08,39
Civic LHD,Belgium,-9,2026-06-08,32
Civic LHD,Poland,-9,2026-06-08,29
Civic LHD,Nordics,-9,2026-06-08,39
Civic LHD,Portugal,-9,2026-06-08,29
Civic RHD,UK,-9,2026-06-08,156
Civic RHD,Ireland,-9,2026-06-08,19
CR-V LHD,Germany,-9,2026-06-08,123
CR-V LHD,France,-9,2026-06-08,91
CR-V LHD,Italy,-9,2026-06-08,58
CR-V LHD,Spain,-9,2026-06-08,52
CR-V LHD,Netherlands,-9,2026-06-08,39
CR-V LHD,Belgium,-9,2026-06-08,32
CR-V LHD,Poland,-9,2026-06-08,29
CR-V LHD,Nordics,-9,2026-06-08,39
CR-V LHD,Portugal,-9,2026-06-08,29
CR-V RHD,UK,-9,2026-06-08,156
CR-V RHD,Ireland,-9,2026-06-08,19
HR-V LHD,Germany,-9,2026-06-08,62
HR-V LHD,France,-9,2026-06-08,45
HR-V LHD,Italy,-9,2026-06-08,29
HR-V LHD,Spain,-9,2026-06-08,26
HR-V LHD,Netherlands,-9,2026-06-08,19
HR-V LHD,Belgium,-9,2026-06-08,16
HR-V LHD,Poland,-9,2026-06-08,15
HR-V LHD,Nordics,-9,2026-06-08,19
HR-V LHD,Portugal,-9,2026-06-08,15
HR-V RHD,UK,-9,2026-06-08,78
HR-V RHD,Ireland,-9,2026-06-08,10
Jazz LHD,Germany,-9,2026-06-08,74
Jazz LHD,France,-9,2026-06-08,55
Jazz LHD,Italy,-9,2026-06-08,35
Jazz LHD,Spain,-9,2026-06-08,31
Jazz LHD,Netherlands,-9,2026-06-08,23
Jazz LHD,Belgium,-9,2026-06-08,19
Jazz LHD,Poland,-9,2026-06-08,18
Jazz LHD,Nordics,-9,2026-06-08,23
Jazz LHD,Portugal,-9,2026-06-08,18
Jazz RHD,UK,-9,2026-06-08,94
Jazz RHD,Ireland,-9,2026-06-08,12
e:Ny1 LHD,Germany,-9,2026-06-08,43
e:Ny1 LHD,France,-9,2026-06-08,32
e:Ny1 LHD,Netherlands,-9,2026-06-08,14
e:Ny1 LHD,Belgium,-9,2026-06-08,11
e:Ny1 LHD,Nordics,-9,2026-06-08,14
e:Ny1 RHD,UK,-9,2026-06-08,55
e:Ny1 RHD,Ireland,-9,2026-06-08,7
Civic LHD,Germany,-8,2026-06-15,123
Civic LHD,France,-8,2026-06-15,91
Civic LHD,Italy,-8,2026-06-15,58
Civic LHD,Spain,-8,2026-06-15,52
Civic LHD,Netherlands,-8,2026-06-15,39
Civic LHD,Belgium,-8,2026-06-15,32
Civic LHD,Poland,-8,2026-06-15,29
Civic LHD,Nordics,-8,2026-06-15,39
Civic LHD,Portugal,-8,2026-06-15,29
Civic RHD,UK,-8,2026-06-15,156
Civic RHD,Ireland,-8,2026-06-15,19
CR-V LHD,Germany,-8,2026-06-15,123
CR-V LHD,France,-8,2026-06-15,91
CR-V LHD,Italy,-8,2026-06-15,58
CR-V LHD,Spain,-8,2026-06-15,52
CR-V LHD,Netherlands,-8,2026-06-15,39
CR-V LHD,Belgium,-8,2026-06-15,32
CR-V LHD,Poland,-8,2026-06-15,29
CR-V LHD,Nordics,-8,2026-06-15,39
CR-V LHD,Portugal,-8,2026-06-15,29
CR-V RHD,UK,-8,2026-06-15,156
CR-V RHD,Ireland,-8,2026-06-15,19
HR-V LHD,Germany,-8,2026-06-15,62
HR-V LHD,France,-8,2026-06-15,45
HR-V LHD,Italy,-8,2026-06-15,29
HR-V LHD,Spain,-8,2026-06-15,26
HR-V LHD,Netherlands,-8,2026-06-15,19
HR-V LHD,Belgium,-8,2026-06-15,16
HR-V LHD,Poland,-8,2026-06-15,15
HR-V LHD,Nordics,-8,2026-06-15,19
HR-V LHD,Portugal,-8,2026-06-15,15
HR-V RHD,UK,-8,2026-06-15,78
HR-V RHD,Ireland,-8,2026-06-15,10
Jazz LHD,Germany,-8,2026-06-15,74
Jazz LHD,France,-8,2026-06-15,54
Jazz LHD,Italy,-8,2026-06-15,35
Jazz LHD,Spain,-8,2026-06-15,31
Jazz LHD,Netherlands,-8,2026-06-15,23
Jazz LHD,Belgium,-8,2026-06-15,19
Jazz LHD,Poland,-8,2026-06-15,18
Jazz LHD,Nordics,-8,2026-06-15,23
Jazz LHD,Portugal,-8,2026-06-15,18
Jazz RHD,UK,-8,2026-06-15,93
Jazz RHD,Ireland,-8,2026-06-15,12
e:Ny1 LHD,Germany,-8,2026-06-15,44
e:Ny1 LHD,France,-8,2026-06-15,32
e:Ny1 LHD,Netherlands,-8,2026-06-15,14
e:Ny1 LHD,Belgium,-8,2026-06-15,12
e:Ny1 LHD,Nordics,-8,2026-06-15,14
e:Ny1 RHD,UK,-8,2026-06-15,56
e:Ny1 RHD,Ireland,-8,2026-06-15,7
Civic LHD,Germany,-7,2026-06-22,123
Civic LHD,France,-7,2026-06-22,91
Civic LHD,Italy,-7,2026-06-22,58
Civic LHD,Spain,-7,2026-06-22,52
Civic LHD,Netherlands,-7,2026-06-22,39
Civic LHD,Belgium,-7,2026-06-22,32
Civic LHD,Poland,-7,2026-06-22,29
Civic LHD,Nordics,-7,2026-06-22,39
Civic LHD,Portugal,-7,2026-06-22,29
Civic RHD,UK,-7,2026-06-22,155
Civic RHD,Ireland,-7,2026-06-22,19
CR-V LHD,Germany,-7,2026-06-22,123
CR-V LHD,France,-7,2026-06-22,91
CR-V LHD,Italy,-7,2026-06-22,58
CR-V LHD,Spain,-7,2026-06-22,52
CR-V LHD,Netherlands,-7,2026-06-22,39
CR-V LHD,Belgium,-7,2026-06-22,32
CR-V LHD,Poland,-7,2026-06-22,29
CR-V LHD,Nordics,-7,2026-06-22,39
CR-V LHD,Portugal,-7,2026-06-22,29
CR-V RHD,UK,-7,2026-06-22,155
CR-V RHD,Ireland,-7,2026-06-22,19
HR-V LHD,Germany,-7,2026-06-22,62
HR-V LHD,France,-7,2026-06-22,45
HR-V LHD,Italy,-7,2026-06-22,29
HR-V LHD,Spain,-7,2026-06-22,26
HR-V LHD,Netherlands,-7,2026-06-22,19
HR-V LHD,Belgium,-7,2026-06-22,16
HR-V LHD,Poland,-7,2026-06-22,15
HR-V LHD,Nordics,-7,2026-06-22,19
HR-V LHD,Portugal,-7,2026-06-22,15
HR-V RHD,UK,-7,2026-06-22,78
HR-V RHD,Ireland,-7,2026-06-22,10
Jazz LHD,Germany,-7,2026-06-22,74
Jazz LHD,France,-7,2026-06-22,54
Jazz LHD,Italy,-7,2026-06-22,35
Jazz LHD,Spain,-7,2026-06-22,31
Jazz LHD,Netherlands,-7,2026-06-22,23
Jazz LHD,Belgium,-7,2026-06-22,19
Jazz LHD,Poland,-7,2026-06-22,17
Jazz LHD,Nordics,-7,2026-06-22,23
Jazz LHD,Portugal,-7,2026-06-22,17
Jazz RHD,UK,-7,2026-06-22,93
Jazz RHD,Ireland,-7,2026-06-22,12
e:Ny1 LHD,Germany,-7,2026-06-22,45
e:Ny1 LHD,France,-7,2026-06-22,33
e:Ny1 LHD,Netherlands,-7,2026-06-22,14
e:Ny1 LHD,Belgium,-7,2026-06-22,12
e:Ny1 LHD,Nordics,-7,2026-06-22,14
e:Ny1 RHD,UK,-7,2026-06-22,56
e:Ny1 RHD,Ireland,-7,2026-06-22,7
Civic LHD,Germany,-6,2026-06-29,123
Civic LHD,France,-6,2026-06-29,91
Civic LHD,Italy,-6,2026-06-29,58
Civic LHD,Spain,-6,2026-06-29,52
Civic LHD,Netherlands,-6,2026-06-29,39
Civic LHD,Belgium,-6,2026-06-29,32
Civic LHD,Poland,-6,2026-06-29,29
Civic LHD,Nordics,-6,2026-06-29,39
Civic LHD,Portugal,-6,2026-06-29,29
Civic RHD,UK,-6,2026-06-29,155
Civic RHD,Ireland,-6,2026-06-29,19
CR-V LHD,Germany,-6,2026-06-29,123
CR-V LHD,France,-6,2026-06-29,91
CR-V LHD,Italy,-6,2026-06-29,58
CR-V LHD,Spain,-6,2026-06-29,52
CR-V LHD,Netherlands,-6,2026-06-29,39
CR-V LHD,Belgium,-6,2026-06-29,32
CR-V LHD,Poland,-6,2026-06-29,29
CR-V LHD,Nordics,-6,2026-06-29,39
CR-V LHD,Portugal,-6,2026-06-29,29
CR-V RHD,UK,-6,2026-06-29,155
CR-V RHD,Ireland,-6,2026-06-29,19
HR-V LHD,Germany,-6,2026-06-29,61
HR-V LHD,France,-6,2026-06-29,45
HR-V LHD,Italy,-6,2026-06-29,29
HR-V LHD,Spain,-6,2026-06-29,26
HR-V LHD,Netherlands,-6,2026-06-29,19
HR-V LHD,Belgium,-6,2026-06-29,16
HR-V LHD,Poland,-6,2026-06-29,15
HR-V LHD,Nordics,-6,2026-06-29,19
HR-V LHD,Portugal,-6,2026-06-29,15
HR-V RHD,UK,-6,2026-06-29,78
HR-V RHD,Ireland,-6,2026-06-29,10
Jazz LHD,Germany,-6,2026-06-29,74
Jazz LHD,France,-6,2026-06-29,54
Jazz LHD,Italy,-6,2026-06-29,35
Jazz LHD,Spain,-6,2026-06-29,31
Jazz LHD,Netherlands,-6,2026-06-29,23
Jazz LHD,Belgium,-6,2026-06-29,19
Jazz LHD,Poland,-6,2026-06-29,17
Jazz LHD,Nordics,-6,2026-06-29,23
Jazz LHD,Portugal,-6,2026-06-29,17
Jazz RHD,UK,-6,2026-06-29,93
Jazz RHD,Ireland,-6,2026-06-29,12
e:Ny1 LHD,Germany,-6,2026-06-29,45
e:Ny1 LHD,France,-6,2026-06-29,33
e:Ny1 LHD,Netherlands,-6,2026-06-29,14
e:Ny1 LHD,Belgium,-6,2026-06-29,12
e:Ny1 LHD,Nordics,-6,2026-06-29,14
e:Ny1 RHD,UK,-6,2026-06-29,57
e:Ny1 RHD,Ireland,-6,2026-06-29,7
Civic LHD,Germany,-5,2026-07-06,123
Civic LHD,France,-5,2026-07-06,90
Civic LHD,Italy,-5,2026-07-06,58
Civic LHD,Spain,-5,2026-07-06,52
Civic LHD,Netherlands,-5,2026-07-06,39
Civic LHD,Belgium,-5,2026-07-06,32
Civic LHD,Poland,-5,2026-07-06,29
Civic LHD,Nordics,-5,2026-07-06,39
Civic LHD,Portugal,-5,2026-07-06,29
Civic RHD,UK,-5,2026-07-06,155
Civic RHD,Ireland,-5,2026-07-06,19
CR-V LHD,Germany,-5,2026-07-06,123
CR-V LHD,France,-5,2026-07-06,90
CR-V LHD,Italy,-5,2026-07-06,58
CR-V LHD,Spain,-5,2026-07-06,52
CR-V LHD,Netherlands,-5,2026-07-06,39
CR-V LHD,Belgium,-5,2026-07-06,32
CR-V LHD,Poland,-5,2026-07-06,29
CR-V LHD,Nordics,-5,2026-07-06,39
CR-V LHD,Portugal,-5,2026-07-06,29
CR-V RHD,UK,-5,2026-07-06,155
CR-V RHD,Ireland,-5,2026-07-06,19
HR-V LHD,Germany,-5,2026-07-06,61
HR-V LHD,France,-5,2026-07-06,45
HR-V LHD,Italy,-5,2026-07-06,29
HR-V LHD,Spain,-5,2026-07-06,26
HR-V LHD,Netherlands,-5,2026-07-06,19
HR-V LHD,Belgium,-5,2026-07-06,16
HR-V LHD,Poland,-5,2026-07-06,15
HR-V LHD,Nordics,-5,2026-07-06,19
HR-V LHD,Portugal,-5,2026-07-06,15
HR-V RHD,UK,-5,2026-07-06,78
HR-V RHD,Ireland,-5,2026-07-06,10
Jazz LHD,Germany,-5,2026-07-06,74
Jazz LHD,France,-5,2026-07-06,54
Jazz LHD,Italy,-5,2026-07-06,35
Jazz LHD,Spain,-5,2026-07-06,31
Jazz LHD,Netherlands,-5,2026-07-06,23
Jazz LHD,Belgium,-5,2026-07-06,19
Jazz LHD,Poland,-5,2026-07-06,17
Jazz LHD,Nordics,-5,2026-07-06,23
Jazz LHD,Portugal,-5,2026-07-06,17
Jazz RHD,UK,-5,2026-07-06,93
Jazz RHD,Ireland,-5,2026-07-06,12
e:Ny1 LHD,Germany,-5,2026-07-06,46
e:Ny1 LHD,France,-5,2026-07-06,34
e:Ny1 LHD,Netherlands,-5,2026-07-06,15
e:Ny1 LHD,Belgium,-5,2026-07-06,12
e:Ny1 LHD,Nordics,-5,2026-07-06,15
e:Ny1 RHD,UK,-5,2026-07-06,58
e:Ny1 RHD,Ireland,-5,2026-07-06,7
Civic LHD,Germany,-4,2026-07-13,123
Civic LHD,France,-4,2026-07-13,90
Civic LHD,Italy,-4,2026-07-13,58
Civic LHD,Spain,-4,2026-07-13,52
Civic LHD,Netherlands,-4,2026-07-13,39
Civic LHD,Belgium,-4,2026-07-13,32
Civic LHD,Poland,-4,2026-07-13,29
Civic LHD,Nordics,-4,2026-07-13,39
Civic LHD,Portugal,-4,2026-07-13,29
Civic RHD,UK,-4,2026-07-13,155
Civic RHD,Ireland,-4,2026-07-13,19
CR-V LHD,Germany,-4,2026-07-13,123
CR-V LHD,France,-4,2026-07-13,90
CR-V LHD,Italy,-4,2026-07-13,58
CR-V LHD,Spain,-4,2026-07-13,52
CR-V LHD,Netherlands,-4,2026-07-13,39
CR-V LHD,Belgium,-4,2026-07-13,32
CR-V LHD,Poland,-4,2026-07-13,29
CR-V LHD,Nordics,-4,2026-07-13,39
CR-V LHD,Portugal,-4,2026-07-13,29
CR-V RHD,UK,-4,2026-07-13,155
CR-V RHD,Ireland,-4,2026-07-13,19
HR-V LHD,Germany,-4,2026-07-13,61
HR-V LHD,France,-4,2026-07-13,45
HR-V LHD,Italy,-4,2026-07-13,29
HR-V LHD,Spain,-4,2026-07-13,26
HR-V LHD,Netherlands,-4,2026-07-13,19
HR-V LHD,Belgium,-4,2026-07-13,16
HR-V LHD,Poland,-4,2026-07-13,15
HR-V LHD,Nordics,-4,2026-07-13,19
HR-V LHD,Portugal,-4,2026-07-13,15
HR-V RHD,UK,-4,2026-07-13,77
HR-V RHD,Ireland,-4,2026-07-13,10
Jazz LHD,Germany,-4,2026-07-13,74
Jazz LHD,France,-4,2026-07-13,54
Jazz LHD,Italy,-4,2026-07-13,35
Jazz LHD,Spain,-4,2026-07-13,31
Jazz LHD,Netherlands,-4,2026-07-13,23
Jazz LHD,Belgium,-4,2026-07-13,19
Jazz LHD,Poland,-4,2026-07-13,17
Jazz LHD,Nordics,-4,2026-07-13,23
Jazz LHD,Portugal,-4,2026-07-13,17
Jazz RHD,UK,-4,2026-07-13,93
Jazz RHD,Ireland,-4,2026-07-13,12
e:Ny1 LHD,Germany,-4,2026-07-13,47
e:Ny1 LHD,France,-4,2026-07-13,34
e:Ny1 LHD,Netherlands,-4,2026-07-13,15
e:Ny1 LHD,Belgium,-4,2026-07-13,12
e:Ny1 LHD,Nordics,-4,2026-07-13,15
e:Ny1 RHD,UK,-4,2026-07-13,59
e:Ny1 RHD,Ireland,-4,2026-07-13,7
Civic LHD,Germany,-3,2026-07-20,122
Civic LHD,France,-3,2026-07-20,90
Civic LHD,Italy,-3,2026-07-20,58
Civic LHD,Spain,-3,2026-07-20,52
Civic LHD,Netherlands,-3,2026-07-20,39
Civic LHD,Belgium,-3,2026-07-20,32
Civic LHD,Poland,-3,2026-07-20,29
Civic LHD,Nordics,-3,2026-07-20,39
Civic LHD,Portugal,-3,2026-07-20,29
Civic RHD,UK,-3,2026-07-20,155
Civic RHD,Ireland,-3,2026-07-20,19
CR-V LHD,Germany,-3,2026-07-20,122
CR-V LHD,France,-3,2026-07-20,90
CR-V LHD,Italy,-3,2026-07-20,58
CR-V LHD,Spain,-3,2026-07-20,52
CR-V LHD,Netherlands,-3,2026-07-20,39
CR-V LHD,Belgium,-3,2026-07-20,32
CR-V LHD,Poland,-3,2026-07-20,29
CR-V LHD,Nordics,-3,2026-07-20,39
CR-V LHD,Portugal,-3,2026-07-20,29
CR-V RHD,UK,-3,2026-07-20,155
CR-V RHD,Ireland,-3,2026-07-20,19
HR-V LHD,Germany,-3,2026-07-20,61
HR-V LHD,France,-3,2026-07-20,45
HR-V LHD,Italy,-3,2026-07-20,29
HR-V LHD,Spain,-3,2026-07-20,26
HR-V LHD,Netherlands,-3,2026-07-20,19
HR-V LHD,Belgium,-3,2026-07-20,16
HR-V LHD,Poland,-3,2026-07-20,15
HR-V LHD,Nordics,-3,2026-07-20,19
HR-V LHD,Portugal,-3,2026-07-20,15
HR-V RHD,UK,-3,2026-07-20,77
HR-V RHD,Ireland,-3,2026-07-20,10
Jazz LHD,Germany,-3,2026-07-20,73
Jazz LHD,France,-3,2026-07-20,54
Jazz LHD,Italy,-3,2026-07-20,35
Jazz LHD,Spain,-3,2026-07-20,31
Jazz LHD,Netherlands,-3,2026-07-20,23
Jazz LHD,Belgium,-3,2026-07-20,19
Jazz LHD,Poland,-3,2026-07-20,17
Jazz LHD,Nordics,-3,2026-07-20,23
Jazz LHD,Portugal,-3,2026-07-20,17
Jazz RHD,UK,-3,2026-07-20,93
Jazz RHD,Ireland,-3,2026-07-20,12
e:Ny1 LHD,Germany,-3,2026-07-20,47
e:Ny1 LHD,France,-3,2026-07-20,35
e:Ny1 LHD,Netherlands,-3,2026-07-20,15
e:Ny1 LHD,Belgium,-3,2026-07-20,12
e:Ny1 LHD,Nordics,-3,2026-07-20,15
e:Ny1 RHD,UK,-3,2026-07-20,60
e:Ny1 RHD,Ireland,-3,2026-07-20,7
Civic LHD,Germany,-2,2026-07-27,122
Civic LHD,France,-2,2026-07-27,90
Civic LHD,Italy,-2,2026-07-27,58
Civic LHD,Spain,-2,2026-07-27,51
Civic LHD,Netherlands,-2,2026-07-27,39
Civic LHD,Belgium,-2,2026-07-27,32
Civic LHD,Poland,-2,2026-07-27,29
Civic LHD,Nordics,-2,2026-07-27,39
Civic LHD,Portugal,-2,2026-07-27,29
Civic RHD,UK,-2,2026-07-27,154
Civic RHD,Ireland,-2,2026-07-27,19
CR-V LHD,Germany,-2,2026-07-27,122
CR-V LHD,France,-2,2026-07-27,90
CR-V LHD,Italy,-2,2026-07-27,58
CR-V LHD,Spain,-2,2026-07-27,51
CR-V LHD,Netherlands,-2,2026-07-27,39
CR-V LHD,Belgium,-2,2026-07-27,32
CR-V LHD,Poland,-2,2026-07-27,29
CR-V LHD,Nordics,-2,2026-07-27,39
CR-V LHD,Portugal,-2,2026-07-27,29
CR-V RHD,UK,-2,2026-07-27,154
CR-V RHD,Ireland,-2,2026-07-27,19
HR-V LHD,Germany,-2,2026-07-27,61
HR-V LHD,France,-2,2026-07-27,45
HR-V LHD,Italy,-2,2026-07-27,29
HR-V LHD,Spain,-2,2026-07-27,26
HR-V LHD,Netherlands,-2,2026-07-27,19
HR-V LHD,Belgium,-2,2026-07-27,16
HR-V LHD,Poland,-2,2026-07-27,14
HR-V LHD,Nordics,-2,2026-07-27,19
HR-V LHD,Portugal,-2,2026-07-27,14
HR-V RHD,UK,-2,2026-07-27,77
HR-V RHD,Ireland,-2,2026-07-27,10
Jazz LHD,Germany,-2,2026-07-27,73
Jazz LHD,France,-2,2026-07-27,54
Jazz LHD,Italy,-2,2026-07-27,35
Jazz LHD,Spain,-2,2026-07-27,31
Jazz LHD,Netherlands,-2,2026-07-27,23
Jazz LHD,Belgium,-2,2026-07-27,19
Jazz LHD,Poland,-2,2026-07-27,17
Jazz LHD,Nordics,-2,2026-07-27,23
Jazz LHD,Portugal,-2,2026-07-27,17
Jazz RHD,UK,-2,2026-07-27,93
Jazz RHD,Ireland,-2,2026-07-27,12
e:Ny1 LHD,Germany,-2,2026-07-27,48
e:Ny1 LHD,France,-2,2026-07-27,35
e:Ny1 LHD,Netherlands,-2,2026-07-27,15
e:Ny1 LHD,Belgium,-2,2026-07-27,13
e:Ny1 LHD,Nordics,-2,2026-07-27,15
e:Ny1 RHD,UK,-2,2026-07-27,61
e:Ny1 RHD,Ireland,-2,2026-07-27,8
Civic LHD,Germany,-1,2026-08-03,122
Civic LHD,France,-1,2026-08-03,90
Civic LHD,Italy,-1,2026-08-03,58
Civic LHD,Spain,-1,2026-08-03,51
Civic LHD,Netherlands,-1,2026-08-03,39
Civic LHD,Belgium,-1,2026-08-03,32
Civic LHD,Poland,-1,2026-08-03,29
Civic LHD,Nordics,-1,2026-08-03,39
Civic LHD,Portugal,-1,2026-08-03,29
Civic RHD,UK,-1,2026-08-03,154
Civic RHD,Ireland,-1,2026-08-03,19
CR-V LHD,Germany,-1,2026-08-03,122
CR-V LHD,France,-1,2026-08-03,90
CR-V LHD,Italy,-1,2026-08-03,58
CR-V LHD,Spain,-1,2026-08-03,51
CR-V LHD,Netherlands,-1,2026-08-03,39
CR-V LHD,Belgium,-1,2026-08-03,32
CR-V LHD,Poland,-1,2026-08-03,29
CR-V LHD,Nordics,-1,2026-08-03,39
CR-V LHD,Portugal,-1,2026-08-03,29
CR-V RHD,UK,-1,2026-08-03,154
CR-V RHD,Ireland,-1,2026-08-03,19
HR-V LHD,Germany,-1,2026-08-03,61
HR-V LHD,France,-1,2026-08-03,45
HR-V LHD,Italy,-1,2026-08-03,29
HR-V LHD,Spain,-1,2026-08-03,26
HR-V LHD,Netherlands,-1,2026-08-03,19
HR-V LHD,Belgium,-1,2026-08-03,16
HR-V LHD,Poland,-1,2026-08-03,14
HR-V LHD,Nordics,-1,2026-08-03,19
HR-V LHD,Portugal,-1,2026-08-03,14
HR-V RHD,UK,-1,2026-08-03,77
HR-V RHD,Ireland,-1,2026-08-03,10
Jazz LHD,Germany,-1,2026-08-03,73
Jazz LHD,France,-1,2026-08-03,54
Jazz LHD,Italy,-1,2026-08-03,35
Jazz LHD,Spain,-1,2026-08-03,31
Jazz LHD,Netherlands,-1,2026-08-03,23
Jazz LHD,Belgium,-1,2026-08-03,19
Jazz LHD,Poland,-1,2026-08-03,17
Jazz LHD,Nordics,-1,2026-08-03,23
Jazz LHD,Portugal,-1,2026-08-03,17
Jazz RHD,UK,-1,2026-08-03,93
Jazz RHD,Ireland,-1,2026-08-03,12
e:Ny1 LHD,Germany,-1,2026-08-03,49
e:Ny1 LHD,France,-1,2026-08-03,36
e:Ny1 LHD,Netherlands,-1,2026-08-03,15
e:Ny1 LHD,Belgium,-1,2026-08-03,13
e:Ny1 LHD,Nordics,-1,2026-08-03,15
e:Ny1 RHD,UK,-1,2026-08-03,62
e:Ny1 RHD,Ireland,-1,2026-08-03,8
Civic LHD,Germany,0,2026-08-10,122
Civic LHD,France,0,2026-08-10,90
Civic LHD,Italy,0,2026-08-10,58
Civic LHD,Spain,0,2026-08-10,51
Civic LHD,Netherlands,0,2026-08-10,39
Civic LHD,Belgium,0,2026-08-10,32
Civic LHD,Poland,0,2026-08-10,29
Civic LHD,Nordics,0,2026-08-10,39
Civic LHD,Portugal,0,2026-08-10,29
Civic RHD,UK,0,2026-08-10,154
Civic RHD,Ireland,0,2026-08-10,19
CR-V LHD,Germany,0,2026-08-10,122
CR-V LHD,France,0,2026-08-10,90
CR-V LHD,Italy,0,2026-08-10,58
CR-V LHD,Spain,0,2026-08-10,51
CR-V LHD,Netherlands,0,2026-08-10,39
CR-V LHD,Belgium,0,2026-08-10,32
CR-V LHD,Poland,0,2026-08-10,29
CR-V LHD,Nordics,0,2026-08-10,39
CR-V LHD,Portugal,0,2026-08-10,29
CR-V RHD,UK,0,2026-08-10,154
CR-V RHD,Ireland,0,2026-08-10,19
HR-V LHD,Germany,0,2026-08-10,61
HR-V LHD,France,0,2026-08-10,45
HR-V LHD,Italy,0,2026-08-10,29
HR-V LHD,Spain,0,2026-08-10,26
HR-V LHD,Netherlands,0,2026-08-10,19
HR-V LHD,Belgium,0,2026-08-10,16
HR-V LHD,Poland,0,2026-08-10,14
HR-V LHD,Nordics,0,2026-08-10,19
HR-V LHD,Portugal,0,2026-08-10,14
HR-V RHD,UK,0,2026-08-10,77
HR-V RHD,Ireland,0,2026-08-10,10
Jazz LHD,Germany,0,2026-08-10,73
Jazz LHD,France,0,2026-08-10,54
Jazz LHD,Italy,0,2026-08-10,35
Jazz LHD,Spain,0,2026-08-10,31
Jazz LHD,Netherlands,0,2026-08-10,23
Jazz LHD,Belgium,0,2026-08-10,19
Jazz LHD,Poland,0,2026-08-10,17
Jazz LHD,Nordics,0,2026-08-10,23
Jazz LHD,Portugal,0,2026-08-10,17
Jazz RHD,UK,0,2026-08-10,92
Jazz RHD,Ireland,0,2026-08-10,12
e:Ny1 LHD,Germany,0,2026-08-10,49
e:Ny1 LHD,France,0,2026-08-10,36
e:Ny1 LHD,Netherlands,0,2026-08-10,16
e:Ny1 LHD,Belgium,0,2026-08-10,13
e:Ny1 LHD,Nordics,0,2026-08-10,16
e:Ny1 RHD,UK,0,2026-08-10,62
e:Ny1 RHD,Ireland,0,2026-08-10,8
Civic LHD,Germany,1,2026-08-17,122
Civic LHD,France,1,2026-08-17,90
Civic LHD,Italy,1,2026-08-17,58
Civic LHD,Spain,1,2026-08-17,51
Civic LHD,Netherlands,1,2026-08-17,38
Civic LHD,Belgium,1,2026-08-17,32
Civic LHD,Poland,1,2026-08-17,29
Civic LHD,Nordics,1,2026-08-17,38
Civic LHD,Portugal,1,2026-08-17,29
Civic RHD,UK,1,2026-08-17,154
Civic RHD,Ireland,1,2026-08-17,19
CR-V LHD,Germany,1,2026-08-17,122
CR-V LHD,France,1,2026-08-17,90
CR-V LHD,Italy,1,2026-08-17,58
CR-V LHD,Spain,1,2026-08-17,51
CR-V LHD,Netherlands,1,2026-08-17,38
CR-V LHD,Belgium,1,2026-08-17,32
CR-V LHD,Poland,1,2026-08-17,29
CR-V LHD,Nordics,1,2026-08-17,38
CR-V LHD,Portugal,1,2026-08-17,29
CR-V RHD,UK,1,2026-08-17,154
CR-V RHD,Ireland,1,2026-08-17,19
HR-V LHD,Germany,1,2026-08-17,61
HR-V LHD,France,1,2026-08-17,45
HR-V LHD,Italy,1,2026-08-17,29
HR-V LHD,Spain,1,2026-08-17,26
HR-V LHD,Netherlands,1,2026-08-17,19
HR-V LHD,Belgium,1,2026-08-17,16
HR-V LHD,Poland,1,2026-08-17,14
HR-V LHD,Nordics,1,2026-08-17,19
HR-V LHD,Portugal,1,2026-08-17,14
HR-V RHD,UK,1,2026-08-17,77
HR-V RHD,Ireland,1,2026-08-17,10
Jazz LHD,Germany,1,2026-08-17,73
Jazz LHD,France,1,2026-08-17,54
Jazz LHD,Italy,1,2026-08-17,35
Jazz LHD,Spain,1,2026-08-17,31
Jazz LHD,Netherlands,1,2026-08-17,23
Jazz LHD,Belgium,1,2026-08-17,19
Jazz LHD,Poland,1,2026-08-17,17
Jazz LHD,Nordics,1,2026-08-17,23
Jazz LHD,Portugal,1,2026-08-17,17
Jazz RHD,UK,1,2026-08-17,92
Jazz RHD,Ireland,1,2026-08-17,12
e:Ny1 LHD,Germany,1,2026-08-17,50
e:Ny1 LHD,France,1,2026-08-17,37
e:Ny1 LHD,Netherlands,1,2026-08-17,16
e:Ny1 LHD,Belgium,1,2026-08-17,13
e:Ny1 LHD,Nordics,1,2026-08-17,16
e:Ny1 RHD,UK,1,2026-08-17,63
e:Ny1 RHD,Ireland,1,2026-08-17,8
Civic LHD,Germany,2,2026-08-24,122
Civic LHD,France,2,2026-08-24,90
Civic LHD,Italy,2,2026-08-24,58
Civic LHD,Spain,2,2026-08-24,51
Civic LHD,Netherlands,2,2026-08-24,38
Civic LHD,Belgium,2,2026-08-24,32
Civic LHD,Poland,2,2026-08-24,29
Civic LHD,Nordics,2,2026-08-24,38
Civic LHD,Portugal,2,2026-08-24,29
Civic RHD,UK,2,2026-08-24,154
Civic RHD,Ireland,2,2026-08-24,19
CR-V LHD,Germany,2,2026-08-24,122
CR-V LHD,France,2,2026-08-24,90
CR-V LHD,Italy,2,2026-08-24,58
CR-V LHD,Spain,2,2026-08-24,51
CR-V LHD,Netherlands,2,2026-08-24,38
CR-V LHD,Belgium,2,2026-08-24,32
CR-V LHD,Poland,2,2026-08-24,29
CR-V LHD,Nordics,2,2026-08-24,38
CR-V LHD,Portugal,2,2026-08-24,29
CR-V RHD,UK,2,2026-08-24,154
CR-V RHD,Ireland,2,2026-08-24,19
HR-V LHD,Germany,2,2026-08-24,61
HR-V LHD,France,2,2026-08-24,45
HR-V LHD,Italy,2,2026-08-24,29
HR-V LHD,Spain,2,2026-08-24,26
HR-V LHD,Netherlands,2,2026-08-24,19
HR-V LHD,Belgium,2,2026-08-24,16
HR-V LHD,Poland,2,2026-08-24,14
HR-V LHD,Nordics,2,2026-08-24,19
HR-V LHD,Portugal,2,2026-08-24,14
HR-V RHD,UK,2,2026-08-24,77
HR-V RHD,Ireland,2,2026-08-24,10
Jazz LHD,Germany,2,2026-08-24,73
Jazz LHD,France,2,2026-08-24,54
Jazz LHD,Italy,2,2026-08-24,35
Jazz LHD,Spain,2,2026-08-24,31
Jazz LHD,Netherlands,2,2026-08-24,23
Jazz LHD,Belgium,2,2026-08-24,19
Jazz LHD,Poland,2,2026-08-24,17
Jazz LHD,Nordics,2,2026-08-24,23
Jazz LHD,Portugal,2,2026-08-24,17
Jazz RHD,UK,2,2026-08-24,92
Jazz RHD,Ireland,2,2026-08-24,12
e:Ny1 LHD,Germany,2,2026-08-24,51
e:Ny1 LHD,France,2,2026-08-24,37
e:Ny1 LHD,Netherlands,2,2026-08-24,16
e:Ny1 LHD,Belgium,2,2026-08-24,13
e:Ny1 LHD,Nordics,2,2026-08-24,16
e:Ny1 RHD,UK,2,2026-08-24,64
e:Ny1 RHD,Ireland,2,2026-08-24,8
Civic LHD,Germany,3,2026-08-31,121
Civic LHD,France,3,2026-08-31,90
Civic LHD,Italy,3,2026-08-31,58
Civic LHD,Spain,3,2026-08-31,51
Civic LHD,Netherlands,3,2026-08-31,38
Civic LHD,Belgium,3,2026-08-31,32
Civic LHD,Poland,3,2026-08-31,29
Civic LHD,Nordics,3,2026-08-31,38
Civic LHD,Portugal,3,2026-08-31,29
Civic RHD,UK,3,2026-08-31,153
Civic RHD,Ireland,3,2026-08-31,19
CR-V LHD,Germany,3,2026-08-31,121
CR-V LHD,France,3,2026-08-31,90
CR-V LHD,Italy,3,2026-08-31,58
CR-V LHD,Spain,3,2026-08-31,51
CR-V LHD,Netherlands,3,2026-08-31,38
CR-V LHD,Belgium,3,2026-08-31,32
CR-V LHD,Poland,3,2026-08-31,29
CR-V LHD,Nordics,3,2026-08-31,38
CR-V LHD,Portugal,3,2026-08-31,29
CR-V RHD,UK,3,2026-08-31,153
CR-V RHD,Ireland,3,2026-08-31,19
HR-V LHD,Germany,3,2026-08-31,61
HR-V LHD,France,3,2026-08-31,45
HR-V LHD,Italy,3,2026-08-31,29
HR-V LHD,Spain,3,2026-08-31,26
HR-V LHD,Netherlands,3,2026-08-31,19
HR-V LHD,Belgium,3,2026-08-31,16
HR-V LHD,Poland,3,2026-08-31,14
HR-V LHD,Nordics,3,2026-08-31,19
HR-V LHD,Portugal,3,2026-08-31,14
HR-V RHD,UK,3,2026-08-31,77
HR-V RHD,Ireland,3,2026-08-31,10
Jazz LHD,Germany,3,2026-08-31,73
Jazz LHD,France,3,2026-08-31,54
Jazz LHD,Italy,3,2026-08-31,35
Jazz LHD,Spain,3,2026-08-31,31
Jazz LHD,Netherlands,3,2026-08-31,23
Jazz LHD,Belgium,3,2026-08-31,19
Jazz LHD,Poland,3,2026-08-31,17
Jazz LHD,Nordics,3,2026-08-31,23
Jazz LHD,Portugal,3,2026-08-31,17
Jazz RHD,UK,3,2026-08-31,92
Jazz RHD,Ireland,3,2026-08-31,12
e:Ny1 LHD,Germany,3,2026-08-31,51
e:Ny1 LHD,France,3,2026-08-31,38
e:Ny1 LHD,Netherlands,3,2026-08-31,16
e:Ny1 LHD,Belgium,3,2026-08-31,14
e:Ny1 LHD,Nordics,3,2026-08-31,16
e:Ny1 RHD,UK,3,2026-08-31,65
e:Ny1 RHD,Ireland,3,2026-08-31,8
Civic LHD,Germany,4,2026-09-07,121
Civic LHD,France,4,2026-09-07,89
Civic LHD,Italy,4,2026-09-07,57
Civic LHD,Spain,4,2026-09-07,51
Civic LHD,Netherlands,4,2026-09-07,38
Civic LHD,Belgium,4,2026-09-07,32
Civic LHD,Poland,4,2026-09-07,29
Civic LHD,Nordics,4,2026-09-07,38
Civic LHD,Portugal,4,2026-09-07,29
Civic RHD,UK,4,2026-09-07,222
Civic RHD,Ireland,4,2026-09-07,19
CR-V LHD,Germany,4,2026-09-07,121
CR-V LHD,France,4,2026-09-07,89
CR-V LHD,Italy,4,2026-09-07,57
CR-V LHD,Spain,4,2026-09-07,51
CR-V LHD,Netherlands,4,2026-09-07,38
CR-V LHD,Belgium,4,2026-09-07,32
CR-V LHD,Poland,4,2026-09-07,29
CR-V LHD,Nordics,4,2026-09-07,38
CR-V LHD,Portugal,4,2026-09-07,29
CR-V RHD,UK,4,2026-09-07,222
CR-V RHD,Ireland,4,2026-09-07,19
HR-V LHD,Germany,4,2026-09-07,61
HR-V LHD,France,4,2026-09-07,45
HR-V LHD,Italy,4,2026-09-07,29
HR-V LHD,Spain,4,2026-09-07,26
HR-V LHD,Netherlands,4,2026-09-07,19
HR-V LHD,Belgium,4,2026-09-07,16
HR-V LHD,Poland,4,2026-09-07,14
HR-V LHD,Nordics,4,2026-09-07,19
HR-V LHD,Portugal,4,2026-09-07,14
HR-V RHD,UK,4,2026-09-07,111
HR-V RHD,Ireland,4,2026-09-07,10
Jazz LHD,Germany,4,2026-09-07,73
Jazz LHD,France,4,2026-09-07,54
Jazz LHD,Italy,4,2026-09-07,34
Jazz LHD,Spain,4,2026-09-07,31
Jazz LHD,Netherlands,4,2026-09-07,23
Jazz LHD,Belgium,4,2026-09-07,19
Jazz LHD,Poland,4,2026-09-07,17
Jazz LHD,Nordics,4,2026-09-07,23
Jazz LHD,Portugal,4,2026-09-07,17
Jazz RHD,UK,4,2026-09-07,133
Jazz RHD,Ireland,4,2026-09-07,11
e:Ny1 LHD,Germany,4,2026-09-07,52
e:Ny1 LHD,France,4,2026-09-07,38
e:Ny1 LHD,Netherlands,4,2026-09-07,16
e:Ny1 LHD,Belgium,4,2026-09-07,14
e:Ny1 LHD,Nordics,4,2026-09-07,16
e:Ny1 RHD,UK,4,2026-09-07,95
e:Ny1 RHD,Ireland,4,2026-09-07,8
Civic LHD,Germany,5,2026-09-14,121
Civic LHD,France,5,2026-09-14,89
Civic LHD,Italy,5,2026-09-14,57
Civic LHD,Spain,5,2026-09-14,51
Civic LHD,Netherlands,5,2026-09-14,38
Civic LHD,Belgium,5,2026-09-14,32
Civic LHD,Poland,5,2026-09-14,29
Civic LHD,Nordics,5,2026-09-14,38
Civic LHD,Portugal,5,2026-09-14,29
Civic RHD,UK,5,2026-09-14,222
Civic RHD,Ireland,5,2026-09-14,19
CR-V LHD,Germany,5,2026-09-14,121
CR-V LHD,France,5,2026-09-14,89
CR-V LHD,Italy,5,2026-09-14,57
CR-V LHD,Spain,5,2026-09-14,51
CR-V LHD,Netherlands,5,2026-09-14,38
CR-V LHD,Belgium,5,2026-09-14,32
CR-V LHD,Poland,5,2026-09-14,29
CR-V LHD,Nordics,5,2026-09-14,38
CR-V LHD,Portugal,5,2026-09-14,29
CR-V RHD,UK,5,2026-09-14,222
CR-V RHD,Ireland,5,2026-09-14,19
HR-V LHD,Germany,5,2026-09-14,61
HR-V LHD,France,5,2026-09-14,45
HR-V LHD,Italy,5,2026-09-14,29
HR-V LHD,Spain,5,2026-09-14,26
HR-V LHD,Netherlands,5,2026-09-14,19
HR-V LHD,Belgium,5,2026-09-14,16
HR-V LHD,Poland,5,2026-09-14,14
HR-V LHD,Nordics,5,2026-09-14,19
HR-V LHD,Portugal,5,2026-09-14,14
HR-V RHD,UK,5,2026-09-14,111
HR-V RHD,Ireland,5,2026-09-14,10
Jazz LHD,Germany,5,2026-09-14,73
Jazz LHD,France,5,2026-09-14,54
Jazz LHD,Italy,5,2026-09-14,34
Jazz LHD,Spain,5,2026-09-14,31
Jazz LHD,Netherlands,5,2026-09-14,23
Jazz LHD,Belgium,5,2026-09-14,19
Jazz LHD,Poland,5,2026-09-14,17
Jazz LHD,Nordics,5,2026-09-14,23
Jazz LHD,Portugal,5,2026-09-14,17
Jazz RHD,UK,5,2026-09-14,133
Jazz RHD,Ireland,5,2026-09-14,11
e:Ny1 LHD,Germany,5,2026-09-14,53
e:Ny1 LHD,France,5,2026-09-14,39
e:Ny1 LHD,Netherlands,5,2026-09-14,17
e:Ny1 LHD,Belgium,5,2026-09-14,14
e:Ny1 LHD,Nordics,5,2026-09-14,17
e:Ny1 RHD,UK,5,2026-09-14,97
e:Ny1 RHD,Ireland,5,2026-09-14,8
Civic LHD,Germany,6,2026-09-21,121
Civic LHD,France,6,2026-09-21,89
Civic LHD,Italy,6,2026-09-21,57
Civic LHD,Spain,6,2026-09-21,51
Civic LHD,Netherlands,6,2026-09-21,38
Civic LHD,Belgium,6,2026-09-21,32
Civic LHD,Poland,6,2026-09-21,29
Civic LHD,Nordics,6,2026-09-21,38
Civic LHD,Portugal,6,2026-09-21,29
Civic RHD,UK,6,2026-09-21,222
Civic RHD,Ireland,6,2026-09-21,19
CR-V LHD,Germany,6,2026-09-21,121
CR-V LHD,France,6,2026-09-21,89
CR-V LHD,Italy,6,2026-09-21,57
CR-V LHD,Spain,6,2026-09-21,51
CR-V LHD,Netherlands,6,2026-09-21,38
CR-V LHD,Belgium,6,2026-09-21,32
CR-V LHD,Poland,6,2026-09-21,29
CR-V LHD,Nordics,6,2026-09-21,38
CR-V LHD,Portugal,6,2026-09-21,29
CR-V RHD,UK,6,2026-09-21,222
CR-V RHD,Ireland,6,2026-09-21,19
HR-V LHD,Germany,6,2026-09-21,60
HR-V LHD,France,6,2026-09-21,45
HR-V LHD,Italy,6,2026-09-21,29
HR-V LHD,Spain,6,2026-09-21,25
HR-V LHD,Netherlands,6,2026-09-21,19
HR-V LHD,Belgium,6,2026-09-21,16
HR-V LHD,Poland,6,2026-09-21,14
HR-V LHD,Nordics,6,2026-09-21,19
HR-V LHD,Portugal,6,2026-09-21,14
HR-V RHD,UK,6,2026-09-21,111
HR-V RHD,Ireland,6,2026-09-21,10
Jazz LHD,Germany,6,2026-09-21,73
Jazz LHD,France,6,2026-09-21,53
Jazz LHD,Italy,6,2026-09-21,34
Jazz LHD,Spain,6,2026-09-21,31
Jazz LHD,Netherlands,6,2026-09-21,23
Jazz LHD,Belgium,6,2026-09-21,19
Jazz LHD,Poland,6,2026-09-21,17
Jazz LHD,Nordics,6,2026-09-21,23
Jazz LHD,Portugal,6,2026-09-21,17
Jazz RHD,UK,6,2026-09-21,133
Jazz RHD,Ireland,6,2026-09-21,11
e:Ny1 LHD,Germany,6,2026-09-21,53
e:Ny1 LHD,France,6,2026-09-21,39
e:Ny1 LHD,Netherlands,6,2026-09-21,17
e:Ny1 LHD,Belgium,6,2026-09-21,14
e:Ny1 LHD,Nordics,6,2026-09-21,17
e:Ny1 RHD,UK,6,2026-09-21,98
e:Ny1 RHD,Ireland,6,2026-09-21,8
Civic LHD,Germany,7,2026-09-28,121
Civic LHD,France,7,2026-09-28,89
Civic LHD,Italy,7,2026-09-28,57
Civic LHD,Spain,7,2026-09-28,51
Civic LHD,Netherlands,7,2026-09-28,38
Civic LHD,Belgium,7,2026-09-28,32
Civic LHD,Poland,7,2026-09-28,29
Civic LHD,Nordics,7,2026-09-28,38
Civic LHD,Portugal,7,2026-09-28,29
Civic RHD,UK,7,2026-09-28,221
Civic RHD,Ireland,7,2026-09-28,19
CR-V LHD,Germany,7,2026-09-28,121
CR-V LHD,France,7,2026-09-28,89
CR-V LHD,Italy,7,2026-09-28,57
CR-V LHD,Spain,7,2026-09-28,51
CR-V LHD,Netherlands,7,2026-09-28,38
CR-V LHD,Belgium,7,2026-09-28,32
CR-V LHD,Poland,7,2026-09-28,29
CR-V LHD,Nordics,7,2026-09-28,38
CR-V LHD,Portugal,7,2026-09-28,29
CR-V RHD,UK,7,2026-09-28,221
CR-V RHD,Ireland,7,2026-09-28,19
HR-V LHD,Germany,7,2026-09-28,60
HR-V LHD,France,7,2026-09-28,45
HR-V LHD,Italy,7,2026-09-28,29
HR-V LHD,Spain,7,2026-09-28,25
HR-V LHD,Netherlands,7,2026-09-28,19
HR-V LHD,Belgium,7,2026-09-28,16
HR-V LHD,Poland,7,2026-09-28,14
HR-V LHD,Nordics,7,2026-09-28,19
HR-V LHD,Portugal,7,2026-09-28,14
HR-V RHD,UK,7,2026-09-28,111
HR-V RHD,Ireland,7,2026-09-28,10
Jazz LHD,Germany,7,2026-09-28,73
Jazz LHD,France,7,2026-09-28,53
Jazz LHD,Italy,7,2026-09-28,34
Jazz LHD,Spain,7,2026-09-28,31
Jazz LHD,Netherlands,7,2026-09-28,23
Jazz LHD,Belgium,7,2026-09-28,19
Jazz LHD,Poland,7,2026-09-28,17
Jazz LHD,Nordics,7,2026-09-28,23
Jazz LHD,Portugal,7,2026-09-28,17
Jazz RHD,UK,7,2026-09-28,133
Jazz RHD,Ireland,7,2026-09-28,11
e:Ny1 LHD,Germany,7,2026-09-28,54
e:Ny1 LHD,France,7,2026-09-28,40
e:Ny1 LHD,Netherlands,7,2026-09-28,17
e:Ny1 LHD,Belgium,7,2026-09-28,14
e:Ny1 LHD,Nordics,7,2026-09-28,17
e:Ny1 RHD,UK,7,2026-09-28,99
e:Ny1 RHD,Ireland,7,2026-09-28,9
Civic LHD,Germany,8,2026-10-05,121
Civic LHD,France,8,2026-10-05,89
Civic LHD,Italy,8,2026-10-05,57
Civic LHD,Spain,8,2026-10-05,51
Civic LHD,Netherlands,8,2026-10-05,38
Civic LHD,Belgium,8,2026-10-05,32
Civic LHD,Poland,8,2026-10-05,29
Civic LHD,Nordics,8,2026-10-05,38
Civic LHD,Portugal,8,2026-10-05,29
Civic RHD,UK,8,2026-10-05,152
Civic RHD,Ireland,8,2026-10-05,19
CR-V LHD,Germany,8,2026-10-05,121
CR-V LHD,France,8,2026-10-05,89
CR-V LHD,Italy,8,2026-10-05,57
CR-V LHD,Spain,8,2026-10-05,51
CR-V LHD,Netherlands,8,2026-10-05,38
CR-V LHD,Belgium,8,2026-10-05,32
CR-V LHD,Poland,8,2026-10-05,29
CR-V LHD,Nordics,8,2026-10-05,38
CR-V LHD,Portugal,8,2026-10-05,29
CR-V RHD,UK,8,2026-10-05,152
CR-V RHD,Ireland,8,2026-10-05,19
HR-V LHD,Germany,8,2026-10-05,60
HR-V LHD,France,8,2026-10-05,44
HR-V LHD,Italy,8,2026-10-05,29
HR-V LHD,Spain,8,2026-10-05,25
HR-V LHD,Netherlands,8,2026-10-05,19
HR-V LHD,Belgium,8,2026-10-05,16
HR-V LHD,Poland,8,2026-10-05,14
HR-V LHD,Nordics,8,2026-10-05,19
HR-V LHD,Portugal,8,2026-10-05,14
HR-V RHD,UK,8,2026-10-05,76
HR-V RHD,Ireland,8,2026-10-05,10
Jazz LHD,Germany,8,2026-10-05,72
Jazz LHD,France,8,2026-10-05,53
Jazz LHD,Italy,8,2026-10-05,34
Jazz LHD,Spain,8,2026-10-05,30
Jazz LHD,Netherlands,8,2026-10-05,23
Jazz LHD,Belgium,8,2026-10-05,19
Jazz LHD,Poland,8,2026-10-05,17
Jazz LHD,Nordics,8,2026-10-05,23
Jazz LHD,Portugal,8,2026-10-05,17
Jazz RHD,UK,8,2026-10-05,91
Jazz RHD,Ireland,8,2026-10-05,11
e:Ny1 LHD,Germany,8,2026-10-05,55
e:Ny1 LHD,France,8,2026-10-05,40
e:Ny1 LHD,Netherlands,8,2026-10-05,17
e:Ny1 LHD,Belgium,8,2026-10-05,14
e:Ny1 LHD,Nordics,8,2026-10-05,17
e:Ny1 RHD,UK,8,2026-10-05,69
e:Ny1 RHD,Ireland,8,2026-10-05,9
Civic LHD,Germany,9,2026-10-12,121
Civic LHD,France,9,2026-10-12,89
Civic LHD,Italy,9,2026-10-12,57
Civic LHD,Spain,9,2026-10-12,51
Civic LHD,Netherlands,9,2026-10-12,38
Civic LHD,Belgium,9,2026-10-12,32
Civic LHD,Poland,9,2026-10-12,29
Civic LHD,Nordics,9,2026-10-12,38
Civic LHD,Portugal,9,2026-10-12,29
Civic RHD,UK,9,2026-10-12,152
Civic RHD,Ireland,9,2026-10-12,19
CR-V LHD,Germany,9,2026-10-12,121
CR-V LHD,France,9,2026-10-12,89
CR-V LHD,Italy,9,2026-10-12,57
CR-V LHD,Spain,9,2026-10-12,51
CR-V LHD,Netherlands,9,2026-10-12,38
CR-V LHD,Belgium,9,2026-10-12,32
CR-V LHD,Poland,9,2026-10-12,29
CR-V LHD,Nordics,9,2026-10-12,38
CR-V LHD,Portugal,9,2026-10-12,29
CR-V RHD,UK,9,2026-10-12,152
CR-V RHD,Ireland,9,2026-10-12,19
HR-V LHD,Germany,9,2026-10-12,60
HR-V LHD,France,9,2026-10-12,44
HR-V LHD,Italy,9,2026-10-12,29
HR-V LHD,Spain,9,2026-10-12,25
HR-V LHD,Netherlands,9,2026-10-12,19
HR-V LHD,Belgium,9,2026-10-12,16
HR-V LHD,Poland,9,2026-10-12,14
HR-V LHD,Nordics,9,2026-10-12,19
HR-V LHD,Portugal,9,2026-10-12,14
HR-V RHD,UK,9,2026-10-12,76
HR-V RHD,Ireland,9,2026-10-12,10
Jazz LHD,Germany,9,2026-10-12,72
Jazz LHD,France,9,2026-10-12,53
Jazz LHD,Italy,9,2026-10-12,34
Jazz LHD,Spain,9,2026-10-12,30
Jazz LHD,Netherlands,9,2026-10-12,23
Jazz LHD,Belgium,9,2026-10-12,19
Jazz LHD,Poland,9,2026-10-12,17
Jazz LHD,Nordics,9,2026-10-12,23
Jazz LHD,Portugal,9,2026-10-12,17
Jazz RHD,UK,9,2026-10-12,91
Jazz RHD,Ireland,9,2026-10-12,11
e:Ny1 LHD,Germany,9,2026-10-12,55
e:Ny1 LHD,France,9,2026-10-12,41
e:Ny1 LHD,Netherlands,9,2026-10-12,18
e:Ny1 LHD,Belgium,9,2026-10-12,15
e:Ny1 LHD,Nordics,9,2026-10-12,18
e:Ny1 RHD,UK,9,2026-10-12,70
e:Ny1 RHD,Ireland,9,2026-10-12,9
Civic LHD,Germany,10,2026-10-19,120
Civic LHD,France,10,2026-10-19,89
Civic LHD,Italy,10,2026-10-19,57
Civic LHD,Spain,10,2026-10-19,51
Civic LHD,Netherlands,10,2026-10-19,38
Civic LHD,Belgium,10,2026-10-19,32
Civic LHD,Poland,10,2026-10-19,29
Civic LHD,Nordics,10,2026-10-19,38
Civic LHD,Portugal,10,2026-10-19,29
Civic RHD,UK,10,2026-10-19,152
Civic RHD,Ireland,10,2026-10-19,19
CR-V LHD,Germany,10,2026-10-19,120
CR-V LHD,France,10,2026-10-19,89
CR-V LHD,Italy,10,2026-10-19,57
CR-V LHD,Spain,10,2026-10-19,51
CR-V LHD,Netherlands,10,2026-10-19,38
CR-V LHD,Belgium,10,2026-10-19,32
CR-V LHD,Poland,10,2026-10-19,29
CR-V LHD,Nordics,10,2026-10-19,38
CR-V LHD,Portugal,10,2026-10-19,29
CR-V RHD,UK,10,2026-10-19,152
CR-V RHD,Ireland,10,2026-10-19,19
HR-V LHD,Germany,10,2026-10-19,60
HR-V LHD,France,10,2026-10-19,44
HR-V LHD,Italy,10,2026-10-19,29
HR-V LHD,Spain,10,2026-10-19,25
HR-V LHD,Netherlands,10,2026-10-19,19
HR-V LHD,Belgium,10,2026-10-19,16
HR-V LHD,Poland,10,2026-10-19,14
HR-V LHD,Nordics,10,2026-10-19,19
HR-V LHD,Portugal,10,2026-10-19,14
HR-V RHD,UK,10,2026-10-19,76
HR-V RHD,Ireland,10,2026-10-19,10
Jazz LHD,Germany,10,2026-10-19,72
Jazz LHD,France,10,2026-10-19,53
Jazz LHD,Italy,10,2026-10-19,34
Jazz LHD,Spain,10,2026-10-19,30
Jazz LHD,Netherlands,10,2026-10-19,23
Jazz LHD,Belgium,10,2026-10-19,19
Jazz LHD,Poland,10,2026-10-19,17
Jazz LHD,Nordics,10,2026-10-19,23
Jazz LHD,Portugal,10,2026-10-19,17
Jazz RHD,UK,10,2026-10-19,91
Jazz RHD,Ireland,10,2026-10-19,11
e:Ny1 LHD,Germany,10,2026-10-19,56
e:Ny1 LHD,France,10,2026-10-19,41
e:Ny1 LHD,Netherlands,10,2026-10-19,18
e:Ny1 LHD,Belgium,10,2026-10-19,15
e:Ny1 LHD,Nordics,10,2026-10-19,18
e:Ny1 RHD,UK,10,2026-10-19,71
e:Ny1 RHD,Ireland,10,2026-10-19,9
Civic LHD,Germany,11,2026-10-26,120
Civic LHD,France,11,2026-10-26,89
Civic LHD,Italy,11,2026-10-26,57
Civic LHD,Spain,11,2026-10-26,51
Civic LHD,Netherlands,11,2026-10-26,38
Civic LHD,Belgium,11,2026-10-26,32
Civic LHD,Poland,11,2026-10-26,28
Civic LHD,Nordics,11,2026-10-26,38
Civic LHD,Portugal,11,2026-10-26,28
Civic RHD,UK,11,2026-10-26,152
Civic RHD,Ireland,11,2026-10-26,19
CR-V LHD,Germany,11,2026-10-26,120
CR-V LHD,France,11,2026-10-26,89
CR-V LHD,Italy,11,2026-10-26,57
CR-V LHD,Spain,11,2026-10-26,51
CR-V LHD,Netherlands,11,2026-10-26,38
CR-V LHD,Belgium,11,2026-10-26,32
CR-V LHD,Poland,11,2026-10-26,28
CR-V LHD,Nordics,11,2026-10-26,38
CR-V LHD,Portugal,11,2026-10-26,28
CR-V RHD,UK,11,2026-10-26,152
CR-V RHD,Ireland,11,2026-10-26,19
HR-V LHD,Germany,11,2026-10-26,60
HR-V LHD,France,11,2026-10-26,44
HR-V LHD,Italy,11,2026-10-26,28
HR-V LHD,Spain,11,2026-10-26,25
HR-V LHD,Netherlands,11,2026-10-26,19
HR-V LHD,Belgium,11,2026-10-26,16
HR-V LHD,Poland,11,2026-10-26,14
HR-V LHD,Nordics,11,2026-10-26,19
HR-V LHD,Portugal,11,2026-10-26,14
HR-V RHD,UK,11,2026-10-26,76
HR-V RHD,Ireland,11,2026-10-26,9
Jazz LHD,Germany,11,2026-10-26,72
Jazz LHD,France,11,2026-10-26,53
Jazz LHD,Italy,11,2026-10-26,34
Jazz LHD,Spain,11,2026-10-26,30
Jazz LHD,Netherlands,11,2026-10-26,23
Jazz LHD,Belgium,11,2026-10-26,19
Jazz LHD,Poland,11,2026-10-26,17
Jazz LHD,Nordics,11,2026-10-26,23
Jazz LHD,Portugal,11,2026-10-26,17
Jazz RHD,UK,11,2026-10-26,91
Jazz RHD,Ireland,11,2026-10-26,11
e:Ny1 LHD,Germany,11,2026-10-26,57
e:Ny1 LHD,France,11,2026-10-26,42
e:Ny1 LHD,Netherlands,11,2026-10-26,18
e:Ny1 LHD,Belgium,11,2026-10-26,15
e:Ny1 LHD,Nordics,11,2026-10-26,18
e:Ny1 RHD,UK,11,2026-10-26,72
e:Ny1 RHD,Ireland,11,2026-10-26,9
Civic LHD,Germany,12,2026-11-02,120
Civic LHD,France,12,2026-11-02,88
Civic LHD,Italy,12,2026-11-02,57
Civic LHD,Spain,12,2026-11-02,51
Civic LHD,Netherlands,12,2026-11-02,38
Civic LHD,Belgium,12,2026-11-02,32
Civic LHD,Poland,12,2026-11-02,28
Civic LHD,Nordics,12,2026-11-02,38
Civic LHD,Portugal,12,2026-11-02,28
Civic RHD,UK,12,2026-11-02,152
Civic RHD,Ireland,12,2026-11-02,19
CR-V LHD,Germany,12,2026-11-02,120
CR-V LHD,France,12,2026-11-02,88
CR-V LHD,Italy,12,2026-11-02,57
CR-V LHD,Spain,12,2026-11-02,51
CR-V LHD,Netherlands,12,2026-11-02,38
CR-V LHD,Belgium,12,2026-11-02,32
CR-V LHD,Poland,12,2026-11-02,28
CR-V LHD,Nordics,12,2026-11-02,38
CR-V LHD,Portugal,12,2026-11-02,28
CR-V RHD,UK,12,2026-11-02,152
CR-V RHD,Ireland,12,2026-11-02,19
HR-V LHD,Germany,12,2026-11-02,60
HR-V LHD,France,12,2026-11-02,44
HR-V LHD,Italy,12,2026-11-02,28
HR-V LHD,Spain,12,2026-11-02,25
HR-V LHD,Netherlands,12,2026-11-02,19
HR-V LHD,Belgium,12,2026-11-02,16
HR-V LHD,Poland,12,2026-11-02,14
HR-V LHD,Nordics,12,2026-11-02,19
HR-V LHD,Portugal,12,2026-11-02,14
HR-V RHD,UK,12,2026-11-02,76
HR-V RHD,Ireland,12,2026-11-02,9
Jazz LHD,Germany,12,2026-11-02,72
Jazz LHD,France,12,2026-11-02,53
Jazz LHD,Italy,12,2026-11-02,34
Jazz LHD,Spain,12,2026-11-02,30
Jazz LHD,Netherlands,12,2026-11-02,23
Jazz LHD,Belgium,12,2026-11-02,19
Jazz LHD,Poland,12,2026-11-02,17
Jazz LHD,Nordics,12,2026-11-02,23
Jazz LHD,Portugal,12,2026-11-02,17
Jazz RHD,UK,12,2026-11-02,91
Jazz RHD,Ireland,12,2026-11-02,11
e:Ny1 LHD,Germany,12,2026-11-02,57
e:Ny1 LHD,France,12,2026-11-02,42
e:Ny1 LHD,Netherlands,12,2026-11-02,18
e:Ny1 LHD,Belgium,12,2026-11-02,15
e:Ny1 LHD,Nordics,12,2026-11-02,18
e:Ny1 RHD,UK,12,2026-11-02,72
e:Ny1 RHD,Ireland,12,2026-11-02,9
Civic LHD,Germany,13,2026-11-09,120
Civic LHD,France,13,2026-11-09,88
Civic LHD,Italy,13,2026-11-09,57
Civic LHD,Spain,13,2026-11-09,50
Civic LHD,Netherlands,13,2026-11-09,38
Civic LHD,Belgium,13,2026-11-09,32
Civic LHD,Poland,13,2026-11-09,28
Civic LHD,Nordics,13,2026-11-09,38
Civic LHD,Portugal,13,2026-11-09,28
Civic RHD,UK,13,2026-11-09,151
Civic RHD,Ireland,13,2026-11-09,19
CR-V LHD,Germany,13,2026-11-09,120
CR-V LHD,France,13,2026-11-09,88
CR-V LHD,Italy,13,2026-11-09,57
CR-V LHD,Spain,13,2026-11-09,50
CR-V LHD,Netherlands,13,2026-11-09,38
CR-V LHD,Belgium,13,2026-11-09,32
CR-V LHD,Poland,13,2026-11-09,28
CR-V LHD,Nordics,13,2026-11-09,38
CR-V LHD,Portugal,13,2026-11-09,28
CR-V RHD,UK,13,2026-11-09,151
CR-V RHD,Ireland,13,2026-11-09,19
HR-V LHD,Germany,13,2026-11-09,60
HR-V LHD,France,13,2026-11-09,44
HR-V LHD,Italy,13,2026-11-09,28
HR-V LHD,Spain,13,2026-11-09,25
HR-V LHD,Netherlands,13,2026-11-09,19
HR-V LHD,Belgium,13,2026-11-09,16
HR-V LHD,Poland,13,2026-11-09,14
HR-V LHD,Nordics,13,2026-11-09,19
HR-V LHD,Portugal,13,2026-11-09,14
HR-V RHD,UK,13,2026-11-09,76
HR-V RHD,Ireland,13,2026-11-09,9
Jazz LHD,Germany,13,2026-11-09,72
Jazz LHD,France,13,2026-11-09,53
Jazz LHD,Italy,13,2026-11-09,34
Jazz LHD,Spain,13,2026-11-09,30
Jazz LHD,Netherlands,13,2026-11-09,23
Jazz LHD,Belgium,13,2026-11-09,19
Jazz LHD,Poland,13,2026-11-09,17
Jazz LHD,Nordics,13,2026-11-09,23
Jazz LHD,Portugal,13,2026-11-09,17
Jazz RHD,UK,13,2026-11-09,91
Jazz RHD,Ireland,13,2026-11-09,11
e:Ny1 LHD,Germany,13,2026-11-09,58
e:Ny1 LHD,France,13,2026-11-09,43
e:Ny1 LHD,Netherlands,13,2026-11-09,18
e:Ny1 LHD,Belgium,13,2026-11-09,15
e:Ny1 LHD,Nordics,13,2026-11-09,18
e:Ny1 RHD,UK,13,2026-11-09,73
e:Ny1 RHD,Ireland,13,2026-11-09,9
Civic LHD,Germany,14,2026-11-16,120
Civic LHD,France,14,2026-11-16,88
Civic LHD,Italy,14,2026-11-16,57
Civic LHD,Spain,14,2026-11-16,50
Civic LHD,Netherlands,14,2026-11-16,38
Civic LHD,Belgium,14,2026-11-16,32
Civic LHD,Poland,14,2026-11-16,28
Civic LHD,Nordics,14,2026-11-16,38
Civic LHD,Portugal,14,2026-11-16,28
Civic RHD,UK,14,2026-11-16,151
Civic RHD,Ireland,14,2026-11-16,19
CR-V LHD,Germany,14,2026-11-16,120
CR-V LHD,France,14,2026-11-16,88
CR-V LHD,Italy,14,2026-11-16,57
CR-V LHD,Spain,14,2026-11-16,50
CR-V LHD,Netherlands,14,2026-11-16,38
CR-V LHD,Belgium,14,2026-11-16,32
CR-V LHD,Poland,14,2026-11-16,28
CR-V LHD,Nordics,14,2026-11-16,38
CR-V LHD,Portugal,14,2026-11-16,28
CR-V RHD,UK,14,2026-11-16,151
CR-V RHD,Ireland,14,2026-11-16,19
HR-V LHD,Germany,14,2026-11-16,60
HR-V LHD,France,14,2026-11-16,44
HR-V LHD,Italy,14,2026-11-16,28
HR-V LHD,Spain,14,2026-11-16,25
HR-V LHD,Netherlands,14,2026-11-16,19
HR-V LHD,Belgium,14,2026-11-16,16
HR-V LHD,Poland,14,2026-11-16,14
HR-V LHD,Nordics,14,2026-11-16,19
HR-V LHD,Portugal,14,2026-11-16,14
HR-V RHD,UK,14,2026-11-16,76
HR-V RHD,Ireland,14,2026-11-16,9
Jazz LHD,Germany,14,2026-11-16,72
Jazz LHD,France,14,2026-11-16,53
Jazz LHD,Italy,14,2026-11-16,34
Jazz LHD,Spain,14,2026-11-16,30
Jazz LHD,Netherlands,14,2026-11-16,23
Jazz LHD,Belgium,14,2026-11-16,19
Jazz LHD,Poland,14,2026-11-16,17
Jazz LHD,Nordics,14,2026-11-16,23
Jazz LHD,Portugal,14,2026-11-16,17
Jazz RHD,UK,14,2026-11-16,91
Jazz RHD,Ireland,14,2026-11-16,11
e:Ny1 LHD,Germany,14,2026-11-16,59
e:Ny1 LHD,France,14,2026-11-16,43
e:Ny1 LHD,Netherlands,14,2026-11-16,19
e:Ny1 LHD,Belgium,14,2026-11-16,15
e:Ny1 LHD,Nordics,14,2026-11-16,19
e:Ny1 RHD,UK,14,2026-11-16,74
e:Ny1 RHD,Ireland,14,2026-11-16,9
Civic LHD,Germany,15,2026-11-23,120
Civic LHD,France,15,2026-11-23,88
Civic LHD,Italy,15,2026-11-23,57
Civic LHD,Spain,15,2026-11-23,50
Civic LHD,Netherlands,15,2026-11-23,38
Civic LHD,Belgium,15,2026-11-23,31
Civic LHD,Poland,15,2026-11-23,28
Civic LHD,Nordics,15,2026-11-23,38
Civic LHD,Portugal,15,2026-11-23,28
Civic RHD,UK,15,2026-11-23,151
Civic RHD,Ireland,15,2026-11-23,19
CR-V LHD,Germany,15,2026-11-23,120
CR-V LHD,France,15,2026-11-23,88
CR-V LHD,Italy,15,2026-11-23,57
CR-V LHD,Spain,15,2026-11-23,50
CR-V LHD,Netherlands,15,2026-11-23,38
CR-V LHD,Belgium,15,2026-11-23,31
CR-V LHD,Poland,15,2026-11-23,28
CR-V LHD,Nordics,15,2026-11-23,38
CR-V LHD,Portugal,15,2026-11-23,28
CR-V RHD,UK,15,2026-11-23,151
CR-V RHD,Ireland,15,2026-11-23,19
HR-V LHD,Germany,15,2026-11-23,60
HR-V LHD,France,15,2026-11-23,44
HR-V LHD,Italy,15,2026-11-23,28
HR-V LHD,Spain,15,2026-11-23,25
HR-V LHD,Netherlands,15,2026-11-23,19
HR-V LHD,Belgium,15,2026-11-23,16
HR-V LHD,Poland,15,2026-11-23,14
HR-V LHD,Nordics,15,2026-11-23,19
HR-V LHD,Portugal,15,2026-11-23,14
HR-V RHD,UK,15,2026-11-23,76
HR-V RHD,Ireland,15,2026-11-23,9
Jazz LHD,Germany,15,2026-11-23,72
Jazz LHD,France,15,2026-11-23,53
Jazz LHD,Italy,15,2026-11-23,34
Jazz LHD,Spain,15,2026-11-23,30
Jazz LHD,Netherlands,15,2026-11-23,23
Jazz LHD,Belgium,15,2026-11-23,19
Jazz LHD,Poland,15,2026-11-23,17
Jazz LHD,Nordics,15,2026-11-23,23
Jazz LHD,Portugal,15,2026-11-23,17
Jazz RHD,UK,15,2026-11-23,91
Jazz RHD,Ireland,15,2026-11-23,11
e:Ny1 LHD,Germany,15,2026-11-23,59
e:Ny1 LHD,France,15,2026-11-23,44
e:Ny1 LHD,Netherlands,15,2026-11-23,19
e:Ny1 LHD,Belgium,15,2026-11-23,16
e:Ny1 LHD,Nordics,15,2026-11-23,19
e:Ny1 RHD,UK,15,2026-11-23,75
e:Ny1 RHD,Ireland,15,2026-11-23,9
Civic LHD,Germany,16,2026-11-30,119
Civic LHD,France,16,2026-11-30,88
Civic LHD,Italy,16,2026-11-30,57
Civic LHD,Spain,16,2026-11-30,50
Civic LHD,Netherlands,16,2026-11-30,38
Civic LHD,Belgium,16,2026-11-30,31
Civic LHD,Poland,16,2026-11-30,28
Civic LHD,Nordics,16,2026-11-30,38
Civic LHD,Portugal,16,2026-11-30,28
Civic RHD,UK,16,2026-11-30,151
Civic RHD,Ireland,16,2026-11-30,19
CR-V LHD,Germany,16,2026-11-30,119
CR-V LHD,France,16,2026-11-30,88
CR-V LHD,Italy,16,2026-11-30,57
CR-V LHD,Spain,16,2026-11-30,50
CR-V LHD,Netherlands,16,2026-11-30,38
CR-V LHD,Belgium,16,2026-11-30,31
CR-V LHD,Poland,16,2026-11-30,28
CR-V LHD,Nordics,16,2026-11-30,38
CR-V LHD,Portugal,16,2026-11-30,28
CR-V RHD,UK,16,2026-11-30,151
CR-V RHD,Ireland,16,2026-11-30,19
HR-V LHD,Germany,16,2026-11-30,60
HR-V LHD,France,16,2026-11-30,44
HR-V LHD,Italy,16,2026-11-30,28
HR-V LHD,Spain,16,2026-11-30,25
HR-V LHD,Netherlands,16,2026-11-30,19
HR-V LHD,Belgium,16,2026-11-30,16
HR-V LHD,Poland,16,2026-11-30,14
HR-V LHD,Nordics,16,2026-11-30,19
HR-V LHD,Portugal,16,2026-11-30,14
HR-V RHD,UK,16,2026-11-30,75
HR-V RHD,Ireland,16,2026-11-30,9
Jazz LHD,Germany,16,2026-11-30,72
Jazz LHD,France,16,2026-11-30,53
Jazz LHD,Italy,16,2026-11-30,34
Jazz LHD,Spain,16,2026-11-30,30
Jazz LHD,Netherlands,16,2026-11-30,23
Jazz LHD,Belgium,16,2026-11-30,19
Jazz LHD,Poland,16,2026-11-30,17
Jazz LHD,Nordics,16,2026-11-30,23
Jazz LHD,Portugal,16,2026-11-30,17
Jazz RHD,UK,16,2026-11-30,91
Jazz RHD,Ireland,16,2026-11-30,11
e:Ny1 LHD,Germany,16,2026-11-30,60
e:Ny1 LHD,France,16,2026-11-30,44
e:Ny1 LHD,Netherlands,16,2026-11-30,19
e:Ny1 LHD,Belgium,16,2026-11-30,16
e:Ny1 LHD,Nordics,16,2026-11-30,19
e:Ny1 RHD,UK,16,2026-11-30,76
e:Ny1 RHD,Ireland,16,2026-11-30,9
Civic LHD,Germany,17,2026-12-07,119
Civic LHD,France,17,2026-12-07,88
Civic LHD,Italy,17,2026-12-07,56
Civic LHD,Spain,17,2026-12-07,50
Civic LHD,Netherlands,17,2026-12-07,38
Civic LHD,Belgium,17,2026-12-07,31
Civic LHD,Poland,17,2026-12-07,28
Civic LHD,Nordics,17,2026-12-07,38
Civic LHD,Portugal,17,2026-12-07,28
Civic RHD,UK,17,2026-12-07,151
Civic RHD,Ireland,17,2026-12-07,19
CR-V LHD,Germany,17,2026-12-07,119
CR-V LHD,France,17,2026-12-07,88
CR-V LHD,Italy,17,2026-12-07,56
CR-V LHD,Spain,17,2026-12-07,50
CR-V LHD,Netherlands,17,2026-12-07,38
CR-V LHD,Belgium,17,2026-12-07,31
CR-V LHD,Poland,17,2026-12-07,28
CR-V LHD,Nordics,17,2026-12-07,38
CR-V LHD,Portugal,17,2026-12-07,28
CR-V RHD,UK,17,2026-12-07,151
CR-V RHD,Ireland,17,2026-12-07,19
HR-V LHD,Germany,17,2026-12-07,60
HR-V LHD,France,17,2026-12-07,44
HR-V LHD,Italy,17,2026-12-07,28
HR-V LHD,Spain,17,2026-12-07,25
HR-V LHD,Netherlands,17,2026-12-07,19
HR-V LHD,Belgium,17,2026-12-07,16
HR-V LHD,Poland,17,2026-12-07,14
HR-V LHD,Nordics,17,2026-12-07,19
HR-V LHD,Portugal,17,2026-12-07,14
HR-V RHD,UK,17,2026-12-07,75
HR-V RHD,Ireland,17,2026-12-07,9
Jazz LHD,Germany,17,2026-12-07,72
Jazz LHD,France,17,2026-12-07,53
Jazz LHD,Italy,17,2026-12-07,34
Jazz LHD,Spain,17,2026-12-07,30
Jazz LHD,Netherlands,17,2026-12-07,23
Jazz LHD,Belgium,17,2026-12-07,19
Jazz LHD,Poland,17,2026-12-07,17
Jazz LHD,Nordics,17,2026-12-07,23
Jazz LHD,Portugal,17,2026-12-07,17
Jazz RHD,UK,17,2026-12-07,90
Jazz RHD,Ireland,17,2026-12-07,11
e:Ny1 LHD,Germany,17,2026-12-07,61
e:Ny1 LHD,France,17,2026-12-07,45
e:Ny1 LHD,Netherlands,17,2026-12-07,19
e:Ny1 LHD,Belgium,17,2026-12-07,16
e:Ny1 LHD,Nordics,17,2026-12-07,19
e:Ny1 RHD,UK,17,2026-12-07,77
e:Ny1 RHD,Ireland,17,2026-12-07,10
Civic LHD,Germany,18,2026-12-14,119
Civic LHD,France,18,2026-12-14,88
Civic LHD,Italy,18,2026-12-14,56
Civic LHD,Spain,18,2026-12-14,50
Civic LHD,Netherlands,18,2026-12-14,38
Civic LHD,Belgium,18,2026-12-14,31
Civic LHD,Poland,18,2026-12-14,28
Civic LHD,Nordics,18,2026-12-14,38
Civic LHD,Portugal,18,2026-12-14,28
Civic RHD,UK,18,2026-12-14,150
Civic RHD,Ireland,18,2026-12-14,19
CR-V LHD,Germany,18,2026-12-14,119
CR-V LHD,France,18,2026-12-14,88
CR-V LHD,Italy,18,2026-12-14,56
CR-V LHD,Spain,18,2026-12-14,50
CR-V LHD,Netherlands,18,2026-12-14,38
CR-V LHD,Belgium,18,2026-12-14,31
CR-V LHD,Poland,18,2026-12-14,28
CR-V LHD,Nordics,18,2026-12-14,38
CR-V LHD,Portugal,18,2026-12-14,28
CR-V RHD,UK,18,2026-12-14,150
CR-V RHD,Ireland,18,2026-12-14,19
HR-V LHD,Germany,18,2026-12-14,60
HR-V LHD,France,18,2026-12-14,44
HR-V LHD,Italy,18,2026-12-14,28
HR-V LHD,Spain,18,2026-12-14,25
HR-V LHD,Netherlands,18,2026-12-14,19
HR-V LHD,Belgium,18,2026-12-14,16
HR-V LHD,Poland,18,2026-12-14,14
HR-V LHD,Nordics,18,2026-12-14,19
HR-V LHD,Portugal,18,2026-12-14,14
HR-V RHD,UK,18,2026-12-14,75
HR-V RHD,Ireland,18,2026-12-14,9
Jazz LHD,Germany,18,2026-12-14,71
Jazz LHD,France,18,2026-12-14,53
Jazz LHD,Italy,18,2026-12-14,34
Jazz LHD,Spain,18,2026-12-14,30
Jazz LHD,Netherlands,18,2026-12-14,23
Jazz LHD,Belgium,18,2026-12-14,19
Jazz LHD,Poland,18,2026-12-14,17
Jazz LHD,Nordics,18,2026-12-14,23
Jazz LHD,Portugal,18,2026-12-14,17
Jazz RHD,UK,18,2026-12-14,90
Jazz RHD,Ireland,18,2026-12-14,11
e:Ny1 LHD,Germany,18,2026-12-14,61
e:Ny1 LHD,France,18,2026-12-14,45
e:Ny1 LHD,Netherlands,18,2026-12-14,19
e:Ny1 LHD,Belgium,18,2026-12-14,16
e:Ny1 LHD,Nordics,18,2026-12-14,19
e:Ny1 RHD,UK,18,2026-12-14,77
e:Ny1 RHD,Ireland,18,2026-12-14,10
Civic LHD,Germany,19,2026-12-21,119
Civic LHD,France,19,2026-12-21,88
Civic LHD,Italy,19,2026-12-21,56
Civic LHD,Spain,19,2026-12-21,50
Civic LHD,Netherlands,19,2026-12-21,38
Civic LHD,Belgium,19,2026-12-21,31
Civic LHD,Poland,19,2026-12-21,28
Civic LHD,Nordics,19,2026-12-21,38
Civic LHD,Portugal,19,2026-12-21,28
Civic RHD,UK,19,2026-12-21,150
Civic RHD,Ireland,19,2026-12-21,19
CR-V LHD,Germany,19,2026-12-21,119
CR-V LHD,France,19,2026-12-21,88
CR-V LHD,Italy,19,2026-12-21,56
CR-V LHD,Spain,19,2026-12-21,50
CR-V LHD,Netherlands,19,2026-12-21,38
CR-V LHD,Belgium,19,2026-12-21,31
CR-V LHD,Poland,19,2026-12-21,28
CR-V LHD,Nordics,19,2026-12-21,38
CR-V LHD,Portugal,19,2026-12-21,28
CR-V RHD,UK,19,2026-12-21,150
CR-V RHD,Ireland,19,2026-12-21,19
HR-V LHD,Germany,19,2026-12-21,59
HR-V LHD,France,19,2026-12-21,44
HR-V LHD,Italy,19,2026-12-21,28
HR-V LHD,Spain,19,2026-12-21,25
HR-V LHD,Netherlands,19,2026-12-21,19
HR-V LHD,Belgium,19,2026-12-21,16
HR-V LHD,Poland,19,2026-12-21,14
HR-V LHD,Nordics,19,2026-12-21,19
HR-V LHD,Portugal,19,2026-12-21,14
HR-V RHD,UK,19,2026-12-21,75
HR-V RHD,Ireland,19,2026-12-21,9
Jazz LHD,Germany,19,2026-12-21,71
Jazz LHD,France,19,2026-12-21,53
Jazz LHD,Italy,19,2026-12-21,34
Jazz LHD,Spain,19,2026-12-21,30
Jazz LHD,Netherlands,19,2026-12-21,23
Jazz LHD,Belgium,19,2026-12-21,19
Jazz LHD,Poland,19,2026-12-21,17
Jazz LHD,Nordics,19,2026-12-21,23
Jazz LHD,Portugal,19,2026-12-21,17
Jazz RHD,UK,19,2026-12-21,90
Jazz RHD,Ireland,19,2026-12-21,11
e:Ny1 LHD,Germany,19,2026-12-21,62
e:Ny1 LHD,France,19,2026-12-21,46
e:Ny1 LHD,Netherlands,19,2026-12-21,20
e:Ny1 LHD,Belgium,19,2026-12-21,16
e:Ny1 LHD,Nordics,19,2026-12-21,20
e:Ny1 RHD,UK,19,2026-12-21,78
e:Ny1 RHD,Ireland,19,2026-12-21,10
Civic LHD,Germany,20,2026-12-28,119
Civic LHD,France,20,2026-12-28,88
Civic LHD,Italy,20,2026-12-28,56
Civic LHD,Spain,20,2026-12-28,50
Civic LHD,Netherlands,20,2026-12-28,38
Civic LHD,Belgium,20,2026-12-28,31
Civic LHD,Poland,20,2026-12-28,28
Civic LHD,Nordics,20,2026-12-28,38
Civic LHD,Portugal,20,2026-12-28,28
Civic RHD,UK,20,2026-12-28,150
Civic RHD,Ireland,20,2026-12-28,19
CR-V LHD,Germany,20,2026-12-28,119
CR-V LHD,France,20,2026-12-28,88
CR-V LHD,Italy,20,2026-12-28,56
CR-V LHD,Spain,20,2026-12-28,50
CR-V LHD,Netherlands,20,2026-12-28,38
CR-V LHD,Belgium,20,2026-12-28,31
CR-V LHD,Poland,20,2026-12-28,28
CR-V LHD,Nordics,20,2026-12-28,38
CR-V LHD,Portugal,20,2026-12-28,28
CR-V RHD,UK,20,2026-12-28,150
CR-V RHD,Ireland,20,2026-12-28,19
HR-V LHD,Germany,20,2026-12-28,59
HR-V LHD,France,20,2026-12-28,44
HR-V LHD,Italy,20,2026-12-28,28
HR-V LHD,Spain,20,2026-12-28,25
HR-V LHD,Netherlands,20,2026-12-28,19
HR-V LHD,Belgium,20,2026-12-28,16
HR-V LHD,Poland,20,2026-12-28,14
HR-V LHD,Nordics,20,2026-12-28,19
HR-V LHD,Portugal,20,2026-12-28,14
HR-V RHD,UK,20,2026-12-28,75
HR-V RHD,Ireland,20,2026-12-28,9
Jazz LHD,Germany,20,2026-12-28,71
Jazz LHD,France,20,2026-12-28,53
Jazz LHD,Italy,20,2026-12-28,34
Jazz LHD,Spain,20,2026-12-28,30
Jazz LHD,Netherlands,20,2026-12-28,23
Jazz LHD,Belgium,20,2026-12-28,19
Jazz LHD,Poland,20,2026-12-28,17
Jazz LHD,Nordics,20,2026-12-28,23
Jazz LHD,Portugal,20,2026-12-28,17
Jazz RHD,UK,20,2026-12-28,90
Jazz RHD,Ireland,20,2026-12-28,11
e:Ny1 LHD,Germany,20,2026-12-28,63
e:Ny1 LHD,France,20,2026-12-28,46
e:Ny1 LHD,Netherlands,20,2026-12-28,20
e:Ny1 LHD,Belgium,20,2026-12-28,16
e:Ny1 LHD,Nordics,20,2026-12-28,20
e:Ny1 RHD,UK,20,2026-12-28,79
e:Ny1 RHD,Ireland,20,2026-12-28,10
Civic LHD,Germany,21,2027-01-04,119
Civic LHD,France,21,2027-01-04,87
Civic LHD,Italy,21,2027-01-04,56
Civic LHD,Spain,21,2027-01-04,50
Civic LHD,Netherlands,21,2027-01-04,37
Civic LHD,Belgium,21,2027-01-04,31
Civic LHD,Poland,21,2027-01-04,28
Civic LHD,Nordics,21,2027-01-04,37
Civic LHD,Portugal,21,2027-01-04,28
Civic RHD,UK,21,2027-01-04,150
Civic RHD,Ireland,21,2027-01-04,19
CR-V LHD,Germany,21,2027-01-04,119
CR-V LHD,France,21,2027-01-04,87
CR-V LHD,Italy,21,2027-01-04,56
CR-V LHD,Spain,21,2027-01-04,50
CR-V LHD,Netherlands,21,2027-01-04,37
CR-V LHD,Belgium,21,2027-01-04,31
CR-V LHD,Poland,21,2027-01-04,28
CR-V LHD,Nordics,21,2027-01-04,37
CR-V LHD,Portugal,21,2027-01-04,28
CR-V RHD,UK,21,2027-01-04,150
CR-V RHD,Ireland,21,2027-01-04,19
HR-V LHD,Germany,21,2027-01-04,59
HR-V LHD,France,21,2027-01-04,44
HR-V LHD,Italy,21,2027-01-04,28
HR-V LHD,Spain,21,2027-01-04,25
HR-V LHD,Netherlands,21,2027-01-04,19
HR-V LHD,Belgium,21,2027-01-04,16
HR-V LHD,Poland,21,2027-01-04,14
HR-V LHD,Nordics,21,2027-01-04,19
HR-V LHD,Portugal,21,2027-01-04,14
HR-V RHD,UK,21,2027-01-04,75
HR-V RHD,Ireland,21,2027-01-04,9
Jazz LHD,Germany,21,2027-01-04,71
Jazz LHD,France,21,2027-01-04,52
Jazz LHD,Italy,21,2027-01-04,34
Jazz LHD,Spain,21,2027-01-04,30
Jazz LHD,Netherlands,21,2027-01-04,22
Jazz LHD,Belgium,21,2027-01-04,19
Jazz LHD,Poland,21,2027-01-04,17
Jazz LHD,Nordics,21,2027-01-04,22
Jazz LHD,Portugal,21,2027-01-04,17
Jazz RHD,UK,21,2027-01-04,90
Jazz RHD,Ireland,21,2027-01-04,11
e:Ny1 LHD,Germany,21,2027-01-04,63
e:Ny1 LHD,France,21,2027-01-04,47
e:Ny1 LHD,Netherlands,21,2027-01-04,20
e:Ny1 LHD,Belgium,21,2027-01-04,17
e:Ny1 LHD,Nordics,21,2027-01-04,20
e:Ny1 RHD,UK,21,2027-01-04,80
e:Ny1 RHD,Ireland,21,2027-01-04,10
Civic LHD,Germany,22,2027-01-11,119
Civic LHD,France,22,2027-01-11,87
Civic LHD,Italy,22,2027-01-11,56
Civic LHD,Spain,22,2027-01-11,50
Civic LHD,Netherlands,22,2027-01-11,37
Civic LHD,Belgium,22,2027-01-11,31
Civic LHD,Poland,22,2027-01-11,28
Civic LHD,Nordics,22,2027-01-11,37
Civic LHD,Portugal,22,2027-01-11,28
Civic RHD,UK,22,2027-01-11,150
Civic RHD,Ireland,22,2027-01-11,19
CR-V LHD,Germany,22,2027-01-11,119
CR-V LHD,France,22,2027-01-11,87
CR-V LHD,Italy,22,2027-01-11,56
CR-V LHD,Spain,22,2027-01-11,50
CR-V LHD,Netherlands,22,2027-01-11,37
CR-V LHD,Belgium,22,2027-01-11,31
CR-V LHD,Poland,22,2027-01-11,28
CR-V LHD,Nordics,22,2027-01-11,37
CR-V LHD,Portugal,22,2027-01-11,28
CR-V RHD,UK,22,2027-01-11,150
CR-V RHD,Ireland,22,2027-01-11,19
HR-V LHD,Germany,22,2027-01-11,59
HR-V LHD,France,22,2027-01-11,44
HR-V LHD,Italy,22,2027-01-11,28
HR-V LHD,Spain,22,2027-01-11,25
HR-V LHD,Netherlands,22,2027-01-11,19
HR-V LHD,Belgium,22,2027-01-11,16
HR-V LHD,Poland,22,2027-01-11,14
HR-V LHD,Nordics,22,2027-01-11,19
HR-V LHD,Portugal,22,2027-01-11,14
HR-V RHD,UK,22,2027-01-11,75
HR-V RHD,Ireland,22,2027-01-11,9
Jazz LHD,Germany,22,2027-01-11,71
Jazz LHD,France,22,2027-01-11,52
Jazz LHD,Italy,22,2027-01-11,34
Jazz LHD,Spain,22,2027-01-11,30
Jazz LHD,Netherlands,22,2027-01-11,22
Jazz LHD,Belgium,22,2027-01-11,19
Jazz LHD,Poland,22,2027-01-11,17
Jazz LHD,Nordics,22,2027-01-11,22
Jazz LHD,Portugal,22,2027-01-11,17
Jazz RHD,UK,22,2027-01-11,90
Jazz RHD,Ireland,22,2027-01-11,11
e:Ny1 LHD,Germany,22,2027-01-11,64
e:Ny1 LHD,France,22,2027-01-11,47
e:Ny1 LHD,Netherlands,22,2027-01-11,20
e:Ny1 LHD,Belgium,22,2027-01-11,17
e:Ny1 LHD,Nordics,22,2027-01-11,20
e:Ny1 RHD,UK,22,2027-01-11,81
e:Ny1 RHD,Ireland,22,2027-01-11,10
Civic LHD,Germany,23,2027-01-18,118
Civic LHD,France,23,2027-01-18,87
Civic LHD,Italy,23,2027-01-18,56
Civic LHD,Spain,23,2027-01-18,50
Civic LHD,Netherlands,23,2027-01-18,37
Civic LHD,Belgium,23,2027-01-18,31
Civic LHD,Poland,23,2027-01-18,28
Civic LHD,Nordics,23,2027-01-18,37
Civic LHD,Portugal,23,2027-01-18,28
Civic RHD,UK,23,2027-01-18,149
Civic RHD,Ireland,23,2027-01-18,19
CR-V LHD,Germany,23,2027-01-18,118
CR-V LHD,France,23,2027-01-18,87
CR-V LHD,Italy,23,2027-01-18,56
CR-V LHD,Spain,23,2027-01-18,50
CR-V LHD,Netherlands,23,2027-01-18,37
CR-V LHD,Belgium,23,2027-01-18,31
CR-V LHD,Poland,23,2027-01-18,28
CR-V LHD,Nordics,23,2027-01-18,37
CR-V LHD,Portugal,23,2027-01-18,28
CR-V RHD,UK,23,2027-01-18,149
CR-V RHD,Ireland,23,2027-01-18,19
HR-V LHD,Germany,23,2027-01-18,59
HR-V LHD,France,23,2027-01-18,44
HR-V LHD,Italy,23,2027-01-18,28
HR-V LHD,Spain,23,2027-01-18,25
HR-V LHD,Netherlands,23,2027-01-18,19
HR-V LHD,Belgium,23,2027-01-18,16
HR-V LHD,Poland,23,2027-01-18,14
HR-V LHD,Nordics,23,2027-01-18,19
HR-V LHD,Portugal,23,2027-01-18,14
HR-V RHD,UK,23,2027-01-18,75
HR-V RHD,Ireland,23,2027-01-18,9
Jazz LHD,Germany,23,2027-01-18,71
Jazz LHD,France,23,2027-01-18,52
Jazz LHD,Italy,23,2027-01-18,34
Jazz LHD,Spain,23,2027-01-18,30
Jazz LHD,Netherlands,23,2027-01-18,22
Jazz LHD,Belgium,23,2027-01-18,19
Jazz LHD,Poland,23,2027-01-18,17
Jazz LHD,Nordics,23,2027-01-18,22
Jazz LHD,Portugal,23,2027-01-18,17
Jazz RHD,UK,23,2027-01-18,90
Jazz RHD,Ireland,23,2027-01-18,11
e:Ny1 LHD,Germany,23,2027-01-18,64
e:Ny1 LHD,France,23,2027-01-18,47
e:Ny1 LHD,Netherlands,23,2027-01-18,20
e:Ny1 LHD,Belgium,23,2027-01-18,17
e:Ny1 LHD,Nordics,23,2027-01-18,20
e:Ny1 RHD,UK,23,2027-01-18,81
e:Ny1 RHD,Ireland,23,2027-01-18,10
Civic LHD,Germany,24,2027-01-25,118
Civic LHD,France,24,2027-01-25,87
Civic LHD,Italy,24,2027-01-25,56
Civic LHD,Spain,24,2027-01-25,50
Civic LHD,Netherlands,24,2027-01-25,37
Civic LHD,Belgium,24,2027-01-25,31
Civic LHD,Poland,24,2027-01-25,28
Civic LHD,Nordics,24,2027-01-25,37
Civic LHD,Portugal,24,2027-01-25,28
Civic RHD,UK,24,2027-01-25,149
Civic RHD,Ireland,24,2027-01-25,19
CR-V LHD,Germany,24,2027-01-25,118
CR-V LHD,France,24,2027-01-25,87
CR-V LHD,Italy,24,2027-01-25,56
CR-V LHD,Spain,24,2027-01-25,50
CR-V LHD,Netherlands,24,2027-01-25,37
CR-V LHD,Belgium,24,2027-01-25,31
CR-V LHD,Poland,24,2027-01-25,28
CR-V LHD,Nordics,24,2027-01-25,37
CR-V LHD,Portugal,24,2027-01-25,28
CR-V RHD,UK,24,2027-01-25,149
CR-V RHD,Ireland,24,2027-01-25,19
HR-V LHD,Germany,24,2027-01-25,59
HR-V LHD,France,24,2027-01-25,44
HR-V LHD,Italy,24,2027-01-25,28
HR-V LHD,Spain,24,2027-01-25,25
HR-V LHD,Netherlands,24,2027-01-25,19
HR-V LHD,Belgium,24,2027-01-25,16
HR-V LHD,Poland,24,2027-01-25,14
HR-V LHD,Nordics,24,2027-01-25,19
HR-V LHD,Portugal,24,2027-01-25,14
HR-V RHD,UK,24,2027-01-25,75
HR-V RHD,Ireland,24,2027-01-25,9
Jazz LHD,Germany,24,2027-01-25,71
Jazz LHD,France,24,2027-01-25,52
Jazz LHD,Italy,24,2027-01-25,34
Jazz LHD,Spain,24,2027-01-25,30
Jazz LHD,Netherlands,24,2027-01-25,22
Jazz LHD,Belgium,24,2027-01-25,19
Jazz LHD,Poland,24,2027-01-25,17
Jazz LHD,Nordics,24,2027-01-25,22
Jazz LHD,Portugal,24,2027-01-25,17
Jazz RHD,UK,24,2027-01-25,90
Jazz RHD,Ireland,24,2027-01-25,11
e:Ny1 LHD,Germany,24,2027-01-25,65
e:Ny1 LHD,France,24,2027-01-25,48
e:Ny1 LHD,Netherlands,24,2027-01-25,21
e:Ny1 LHD,Belgium,24,2027-01-25,17
e:Ny1 LHD,Nordics,24,2027-01-25,21
e:Ny1 RHD,UK,24,2027-01-25,82
e:Ny1 RHD,Ireland,24,2027-01-25,10
Civic LHD,Germany,25,2027-02-01,118
Civic LHD,France,25,2027-02-01,87
Civic LHD,Italy,25,2027-02-01,56
Civic LHD,Spain,25,2027-02-01,50
Civic LHD,Netherlands,25,2027-02-01,37
Civic LHD,Belgium,25,2027-02-01,31
Civic LHD,Poland,25,2027-02-01,28
Civic LHD,Nordics,25,2027-02-01,37
Civic LHD,Portugal,25,2027-02-01,28
Civic RHD,UK,25,2027-02-01,149
Civic RHD,Ireland,25,2027-02-01,19
CR-V LHD,Germany,25,2027-02-01,118
CR-V LHD,France,25,2027-02-01,87
CR-V LHD,Italy,25,2027-02-01,56
CR-V LHD,Spain,25,2027-02-01,50
CR-V LHD,Netherlands,25,2027-02-01,37
CR-V LHD,Belgium,25,2027-02-01,31
CR-V LHD,Poland,25,2027-02-01,28
CR-V LHD,Nordics,25,2027-02-01,37
CR-V LHD,Portugal,25,2027-02-01,28
CR-V RHD,UK,25,2027-02-01,149
CR-V RHD,Ireland,25,2027-02-01,19
HR-V LHD,Germany,25,2027-02-01,59
HR-V LHD,France,25,2027-02-01,43
HR-V LHD,Italy,25,2027-02-01,28
HR-V LHD,Spain,25,2027-02-01,25
HR-V LHD,Netherlands,25,2027-02-01,19
HR-V LHD,Belgium,25,2027-02-01,16
HR-V LHD,Poland,25,2027-02-01,14
HR-V LHD,Nordics,25,2027-02-01,19
HR-V LHD,Portugal,25,2027-02-01,14
HR-V RHD,UK,25,2027-02-01,75
HR-V RHD,Ireland,25,2027-02-01,9
Jazz LHD,Germany,25,2027-02-01,71
Jazz LHD,France,25,2027-02-01,52
Jazz LHD,Italy,25,2027-02-01,34
Jazz LHD,Spain,25,2027-02-01,30
Jazz LHD,Netherlands,25,2027-02-01,22
Jazz LHD,Belgium,25,2027-02-01,19
Jazz LHD,Poland,25,2027-02-01,17
Jazz LHD,Nordics,25,2027-02-01,22
Jazz LHD,Portugal,25,2027-02-01,17
Jazz RHD,UK,25,2027-02-01,89
Jazz RHD,Ireland,25,2027-02-01,11
e:Ny1 LHD,Germany,25,2027-02-01,66
e:Ny1 LHD,France,25,2027-02-01,48
e:Ny1 LHD,Netherlands,25,2027-02-01,21
e:Ny1 LHD,Belgium,25,2027-02-01,17
e:Ny1 LHD,Nordics,25,2027-02-01,21
e:Ny1 RHD,UK,25,2027-02-01,83
e:Ny1 RHD,Ireland,25,2027-02-01,10
Civic LHD,Germany,26,2027-02-08,118
Civic LHD,France,26,2027-02-08,87
Civic LHD,Italy,26,2027-02-08,56
Civic LHD,Spain,26,2027-02-08,50
Civic LHD,Netherlands,26,2027-02-08,37
Civic LHD,Belgium,26,2027-02-08,31
Civic LHD,Poland,26,2027-02-08,28
Civic LHD,Nordics,26,2027-02-08,37
Civic LHD,Portugal,26,2027-02-08,28
Civic RHD,UK,26,2027-02-08,149
Civic RHD,Ireland,26,2027-02-08,19
CR-V LHD,Germany,26,2027-02-08,118
CR-V LHD,France,26,2027-02-08,87
CR-V LHD,Italy,26,2027-02-08,56
CR-V LHD,Spain,26,2027-02-08,50
CR-V LHD,Netherlands,26,2027-02-08,37
CR-V LHD,Belgium,26,2027-02-08,31
CR-V LHD,Poland,26,2027-02-08,28
CR-V LHD,Nordics,26,2027-02-08,37
CR-V LHD,Portugal,26,2027-02-08,28
CR-V RHD,UK,26,2027-02-08,149
CR-V RHD,Ireland,26,2027-02-08,19
HR-V LHD,Germany,26,2027-02-08,59
HR-V LHD,France,26,2027-02-08,43
HR-V LHD,Italy,26,2027-02-08,28
HR-V LHD,Spain,26,2027-02-08,25
HR-V LHD,Netherlands,26,2027-02-08,19
HR-V LHD,Belgium,26,2027-02-08,16
HR-V LHD,Poland,26,2027-02-08,14
HR-V LHD,Nordics,26,2027-02-08,19
HR-V LHD,Portugal,26,2027-02-08,14
HR-V RHD,UK,26,2027-02-08,74
HR-V RHD,Ireland,26,2027-02-08,9
Jazz LHD,Germany,26,2027-02-08,71
Jazz LHD,France,26,2027-02-08,52
Jazz LHD,Italy,26,2027-02-08,34
Jazz LHD,Spain,26,2027-02-08,30
Jazz LHD,Netherlands,26,2027-02-08,22
Jazz LHD,Belgium,26,2027-02-08,19
Jazz LHD,Poland,26,2027-02-08,17
Jazz LHD,Nordics,26,2027-02-08,22
Jazz LHD,Portugal,26,2027-02-08,17
Jazz RHD,UK,26,2027-02-08,89
Jazz RHD,Ireland,26,2027-02-08,11
e:Ny1 LHD,Germany,26,2027-02-08,66
e:Ny1 LHD,France,26,2027-02-08,49
e:Ny1 LHD,Netherlands,26,2027-02-08,21
e:Ny1 LHD,Belgium,26,2027-02-08,17
e:Ny1 LHD,Nordics,26,2027-02-08,21
e:Ny1 RHD,UK,26,2027-02-08,84
e:Ny1 RHD,Ireland,26,2027-02-08,10
Civic LHD,Germany,27,2027-02-15,118
Civic LHD,France,27,2027-02-15,87
Civic LHD,Italy,27,2027-02-15,56
Civic LHD,Spain,27,2027-02-15,50
Civic LHD,Netherlands,27,2027-02-15,37
Civic LHD,Belgium,27,2027-02-15,31
Civic LHD,Poland,27,2027-02-15,28
Civic LHD,Nordics,27,2027-02-15,37
Civic LHD,Portugal,27,2027-02-15,28
Civic RHD,UK,27,2027-02-15,149
Civic RHD,Ireland,27,2027-02-15,19
CR-V LHD,Germany,27,2027-02-15,118
CR-V LHD,France,27,2027-02-15,87
CR-V LHD,Italy,27,2027-02-15,56
CR-V LHD,Spain,27,2027-02-15,50
CR-V LHD,Netherlands,27,2027-02-15,37
CR-V LHD,Belgium,27,2027-02-15,31
CR-V LHD,Poland,27,2027-02-15,28
CR-V LHD,Nordics,27,2027-02-15,37
CR-V LHD,Portugal,27,2027-02-15,28
CR-V RHD,UK,27,2027-02-15,149
CR-V RHD,Ireland,27,2027-02-15,19
HR-V LHD,Germany,27,2027-02-15,59
HR-V LHD,France,27,2027-02-15,43
HR-V LHD,Italy,27,2027-02-15,28
HR-V LHD,Spain,27,2027-02-15,25
HR-V LHD,Netherlands,27,2027-02-15,19
HR-V LHD,Belgium,27,2027-02-15,15
HR-V LHD,Poland,27,2027-02-15,14
HR-V LHD,Nordics,27,2027-02-15,19
HR-V LHD,Portugal,27,2027-02-15,14
HR-V RHD,UK,27,2027-02-15,74
HR-V RHD,Ireland,27,2027-02-15,9
Jazz LHD,Germany,27,2027-02-15,71
Jazz LHD,France,27,2027-02-15,52
Jazz LHD,Italy,27,2027-02-15,33
Jazz LHD,Spain,27,2027-02-15,30
Jazz LHD,Netherlands,27,2027-02-15,22
Jazz LHD,Belgium,27,2027-02-15,19
Jazz LHD,Poland,27,2027-02-15,17
Jazz LHD,Nordics,27,2027-02-15,22
Jazz LHD,Portugal,27,2027-02-15,17
Jazz RHD,UK,27,2027-02-15,89
Jazz RHD,Ireland,27,2027-02-15,11
e:Ny1 LHD,Germany,27,2027-02-15,67
e:Ny1 LHD,France,27,2027-02-15,49
e:Ny1 LHD,Netherlands,27,2027-02-15,21
e:Ny1 LHD,Belgium,27,2027-02-15,18
e:Ny1 LHD,Nordics,27,2027-02-15,21
e:Ny1 RHD,UK,27,2027-02-15,85
e:Ny1 RHD,Ireland,27,2027-02-15,11
Civic LHD,Germany,28,2027-02-22,118
Civic LHD,France,28,2027-02-22,87
Civic LHD,Italy,28,2027-02-22,56
Civic LHD,Spain,28,2027-02-22,50
Civic LHD,Netherlands,28,2027-02-22,37
Civic LHD,Belgium,28,2027-02-22,31
Civic LHD,Poland,28,2027-02-22,28
Civic LHD,Nordics,28,2027-02-22,37
Civic LHD,Portugal,28,2027-02-22,28
Civic RHD,UK,28,2027-02-22,149
Civic RHD,Ireland,28,2027-02-22,19
CR-V LHD,Germany,28,2027-02-22,118
CR-V LHD,France,28,2027-02-22,87
CR-V LHD,Italy,28,2027-02-22,56
CR-V LHD,Spain,28,2027-02-22,50
CR-V LHD,Netherlands,28,2027-02-22,37
CR-V LHD,Belgium,28,2027-02-22,31
CR-V LHD,Poland,28,2027-02-22,28
CR-V LHD,Nordics,28,2027-02-22,37
CR-V LHD,Portugal,28,2027-02-22,28
CR-V RHD,UK,28,2027-02-22,149
CR-V RHD,Ireland,28,2027-02-22,19
HR-V LHD,Germany,28,2027-02-22,59
HR-V LHD,France,28,2027-02-22,43
HR-V LHD,Italy,28,2027-02-22,28
HR-V LHD,Spain,28,2027-02-22,25
HR-V LHD,Netherlands,28,2027-02-22,19
HR-V LHD,Belgium,28,2027-02-22,15
HR-V LHD,Poland,28,2027-02-22,14
HR-V LHD,Nordics,28,2027-02-22,19
HR-V LHD,Portugal,28,2027-02-22,14
HR-V RHD,UK,28,2027-02-22,74
HR-V RHD,Ireland,28,2027-02-22,9
Jazz LHD,Germany,28,2027-02-22,71
Jazz LHD,France,28,2027-02-22,52
Jazz LHD,Italy,28,2027-02-22,33
Jazz LHD,Spain,28,2027-02-22,30
Jazz LHD,Netherlands,28,2027-02-22,22
Jazz LHD,Belgium,28,2027-02-22,19
Jazz LHD,Poland,28,2027-02-22,17
Jazz LHD,Nordics,28,2027-02-22,22
Jazz LHD,Portugal,28,2027-02-22,17
Jazz RHD,UK,28,2027-02-22,89
Jazz RHD,Ireland,28,2027-02-22,11
e:Ny1 LHD,Germany,28,2027-02-22,68
e:Ny1 LHD,France,28,2027-02-22,50
e:Ny1 LHD,Netherlands,28,2027-02-22,21
e:Ny1 LHD,Belgium,28,2027-02-22,18
e:Ny1 LHD,Nordics,28,2027-02-22,21
e:Ny1 RHD,UK,28,2027-02-22,85
e:Ny1 RHD,Ireland,28,2027-02-22,11
Civic LHD,Germany,29,2027-03-01,117
Civic LHD,France,29,2027-03-01,87
Civic LHD,Italy,29,2027-03-01,56
Civic LHD,Spain,29,2027-03-01,49
Civic LHD,Netherlands,29,2027-03-01,37
Civic LHD,Belgium,29,2027-03-01,31
Civic LHD,Poland,29,2027-03-01,28
Civic LHD,Nordics,29,2027-03-01,37
Civic LHD,Portugal,29,2027-03-01,28
Civic RHD,UK,29,2027-03-01,208
Civic RHD,Ireland,29,2027-03-01,19
CR-V LHD,Germany,29,2027-03-01,117
CR-V LHD,France,29,2027-03-01,87
CR-V LHD,Italy,29,2027-03-01,56
CR-V LHD,Spain,29,2027-03-01,49
CR-V LHD,Netherlands,29,2027-03-01,37
CR-V LHD,Belgium,29,2027-03-01,31
CR-V LHD,Poland,29,2027-03-01,28
CR-V LHD,Nordics,29,2027-03-01,37
CR-V LHD,Portugal,29,2027-03-01,28
CR-V RHD,UK,29,2027-03-01,208
CR-V RHD,Ireland,29,2027-03-01,19
HR-V LHD,Germany,29,2027-03-01,59
HR-V LHD,France,29,2027-03-01,43
HR-V LHD,Italy,29,2027-03-01,28
HR-V LHD,Spain,29,2027-03-01,25
HR-V LHD,Netherlands,29,2027-03-01,19
HR-V LHD,Belgium,29,2027-03-01,15
HR-V LHD,Poland,29,2027-03-01,14
HR-V LHD,Nordics,29,2027-03-01,19
HR-V LHD,Portugal,29,2027-03-01,14
HR-V RHD,UK,29,2027-03-01,104
HR-V RHD,Ireland,29,2027-03-01,9
Jazz LHD,Germany,29,2027-03-01,70
Jazz LHD,France,29,2027-03-01,52
Jazz LHD,Italy,29,2027-03-01,33
Jazz LHD,Spain,29,2027-03-01,30
Jazz LHD,Netherlands,29,2027-03-01,22
Jazz LHD,Belgium,29,2027-03-01,19
Jazz LHD,Poland,29,2027-03-01,17
Jazz LHD,Nordics,29,2027-03-01,22
Jazz LHD,Portugal,29,2027-03-01,17
Jazz RHD,UK,29,2027-03-01,125
Jazz RHD,Ireland,29,2027-03-01,11
e:Ny1 LHD,Germany,29,2027-03-01,68
e:Ny1 LHD,France,29,2027-03-01,50
e:Ny1 LHD,Netherlands,29,2027-03-01,22
e:Ny1 LHD,Belgium,29,2027-03-01,18
e:Ny1 LHD,Nordics,29,2027-03-01,22
e:Ny1 RHD,UK,29,2027-03-01,121
e:Ny1 RHD,Ireland,29,2027-03-01,11
Civic LHD,Germany,30,2027-03-08,117
Civic LHD,France,30,2027-03-08,86
Civic LHD,Italy,30,2027-03-08,56
Civic LHD,Spain,30,2027-03-08,49
Civic LHD,Netherlands,30,2027-03-08,37
Civic LHD,Belgium,30,2027-03-08,31
Civic LHD,Poland,30,2027-03-08,28
Civic LHD,Nordics,30,2027-03-08,37
Civic LHD,Portugal,30,2027-03-08,28
Civic RHD,UK,30,2027-03-08,207
Civic RHD,Ireland,30,2027-03-08,19
CR-V LHD,Germany,30,2027-03-08,117
CR-V LHD,France,30,2027-03-08,86
CR-V LHD,Italy,30,2027-03-08,56
CR-V LHD,Spain,30,2027-03-08,49
CR-V LHD,Netherlands,30,2027-03-08,37
CR-V LHD,Belgium,30,2027-03-08,31
CR-V LHD,Poland,30,2027-03-08,28
CR-V LHD,Nordics,30,2027-03-08,37
CR-V LHD,Portugal,30,2027-03-08,28
CR-V RHD,UK,30,2027-03-08,207
CR-V RHD,Ireland,30,2027-03-08,19
HR-V LHD,Germany,30,2027-03-08,59
HR-V LHD,France,30,2027-03-08,43
HR-V LHD,Italy,30,2027-03-08,28
HR-V LHD,Spain,30,2027-03-08,25
HR-V LHD,Netherlands,30,2027-03-08,19
HR-V LHD,Belgium,30,2027-03-08,15
HR-V LHD,Poland,30,2027-03-08,14
HR-V LHD,Nordics,30,2027-03-08,19
HR-V LHD,Portugal,30,2027-03-08,14
HR-V RHD,UK,30,2027-03-08,104
HR-V RHD,Ireland,30,2027-03-08,9
Jazz LHD,Germany,30,2027-03-08,70
Jazz LHD,France,30,2027-03-08,52
Jazz LHD,Italy,30,2027-03-08,33
Jazz LHD,Spain,30,2027-03-08,30
Jazz LHD,Netherlands,30,2027-03-08,22
Jazz LHD,Belgium,30,2027-03-08,19
Jazz LHD,Poland,30,2027-03-08,17
Jazz LHD,Nordics,30,2027-03-08,22
Jazz LHD,Portugal,30,2027-03-08,17
Jazz RHD,UK,30,2027-03-08,124
Jazz RHD,Ireland,30,2027-03-08,11
e:Ny1 LHD,Germany,30,2027-03-08,69
e:Ny1 LHD,France,30,2027-03-08,51
e:Ny1 LHD,Netherlands,30,2027-03-08,22
e:Ny1 LHD,Belgium,30,2027-03-08,18
e:Ny1 LHD,Nordics,30,2027-03-08,22
e:Ny1 RHD,UK,30,2027-03-08,122
e:Ny1 RHD,Ireland,30,2027-03-08,11
Civic LHD,Germany,31,2027-03-15,117
Civic LHD,France,31,2027-03-15,86
Civic LHD,Italy,31,2027-03-15,55
Civic LHD,Spain,31,2027-03-15,49
Civic LHD,Netherlands,31,2027-03-15,37
Civic LHD,Belgium,31,2027-03-15,31
Civic LHD,Poland,31,2027-03-15,28
Civic LHD,Nordics,31,2027-03-15,37
Civic LHD,Portugal,31,2027-03-15,28
Civic RHD,UK,31,2027-03-15,207
Civic RHD,Ireland,31,2027-03-15,18
CR-V LHD,Germany,31,2027-03-15,117
CR-V LHD,France,31,2027-03-15,86
CR-V LHD,Italy,31,2027-03-15,55
CR-V LHD,Spain,31,2027-03-15,49
CR-V LHD,Netherlands,31,2027-03-15,37
CR-V LHD,Belgium,31,2027-03-15,31
CR-V LHD,Poland,31,2027-03-15,28
CR-V LHD,Nordics,31,2027-03-15,37
CR-V LHD,Portugal,31,2027-03-15,28
CR-V RHD,UK,31,2027-03-15,207
CR-V RHD,Ireland,31,2027-03-15,18
HR-V LHD,Germany,31,2027-03-15,59
HR-V LHD,France,31,2027-03-15,43
HR-V LHD,Italy,31,2027-03-15,28
HR-V LHD,Spain,31,2027-03-15,25
HR-V LHD,Netherlands,31,2027-03-15,18
HR-V LHD,Belgium,31,2027-03-15,15
HR-V LHD,Poland,31,2027-03-15,14
HR-V LHD,Nordics,31,2027-03-15,18
HR-V LHD,Portugal,31,2027-03-15,14
HR-V RHD,UK,31,2027-03-15,104
HR-V RHD,Ireland,31,2027-03-15,9
Jazz LHD,Germany,31,2027-03-15,70
Jazz LHD,France,31,2027-03-15,52
Jazz LHD,Italy,31,2027-03-15,33
Jazz LHD,Spain,31,2027-03-15,30
Jazz LHD,Netherlands,31,2027-03-15,22
Jazz LHD,Belgium,31,2027-03-15,18
Jazz LHD,Poland,31,2027-03-15,17
Jazz LHD,Nordics,31,2027-03-15,22
Jazz LHD,Portugal,31,2027-03-15,17
Jazz RHD,UK,31,2027-03-15,124
Jazz RHD,Ireland,31,2027-03-15,11
e:Ny1 LHD,Germany,31,2027-03-15,69
e:Ny1 LHD,France,31,2027-03-15,51
e:Ny1 LHD,Netherlands,31,2027-03-15,22
e:Ny1 LHD,Belgium,31,2027-03-15,18
e:Ny1 LHD,Nordics,31,2027-03-15,22
e:Ny1 RHD,UK,31,2027-03-15,123
e:Ny1 RHD,Ireland,31,2027-03-15,11
Civic LHD,Germany,32,2027-03-22,117
Civic LHD,France,32,2027-03-22,86
Civic LHD,Italy,32,2027-03-22,55
Civic LHD,Spain,32,2027-03-22,49
Civic LHD,Netherlands,32,2027-03-22,37
Civic LHD,Belgium,32,2027-03-22,31
Civic LHD,Poland,32,2027-03-22,28
Civic LHD,Nordics,32,2027-03-22,37
Civic LHD,Portugal,32,2027-03-22,28
Civic RHD,UK,32,2027-03-22,207
Civic RHD,Ireland,32,2027-03-22,18
CR-V LHD,Germany,32,2027-03-22,117
CR-V LHD,France,32,2027-03-22,86
CR-V LHD,Italy,32,2027-03-22,55
CR-V LHD,Spain,32,2027-03-22,49
CR-V LHD,Netherlands,32,2027-03-22,37
CR-V LHD,Belgium,32,2027-03-22,31
CR-V LHD,Poland,32,2027-03-22,28
CR-V LHD,Nordics,32,2027-03-22,37
CR-V LHD,Portugal,32,2027-03-22,28
CR-V RHD,UK,32,2027-03-22,207
CR-V RHD,Ireland,32,2027-03-22,18
HR-V LHD,Germany,32,2027-03-22,58
HR-V LHD,France,32,2027-03-22,43
HR-V LHD,Italy,32,2027-03-22,28
HR-V LHD,Spain,32,2027-03-22,25
HR-V LHD,Netherlands,32,2027-03-22,18
HR-V LHD,Belgium,32,2027-03-22,15
HR-V LHD,Poland,32,2027-03-22,14
HR-V LHD,Nordics,32,2027-03-22,18
HR-V LHD,Portugal,32,2027-03-22,14
HR-V RHD,UK,32,2027-03-22,103
HR-V RHD,Ireland,32,2027-03-22,9
Jazz LHD,Germany,32,2027-03-22,70
Jazz LHD,France,32,2027-03-22,52
Jazz LHD,Italy,32,2027-03-22,33
Jazz LHD,Spain,32,2027-03-22,30
Jazz LHD,Netherlands,32,2027-03-22,22
Jazz LHD,Belgium,32,2027-03-22,18
Jazz LHD,Poland,32,2027-03-22,17
Jazz LHD,Nordics,32,2027-03-22,22
Jazz LHD,Portugal,32,2027-03-22,17
Jazz RHD,UK,32,2027-03-22,124
Jazz RHD,Ireland,32,2027-03-22,11
e:Ny1 LHD,Germany,32,2027-03-22,70
e:Ny1 LHD,France,32,2027-03-22,52
e:Ny1 LHD,Netherlands,32,2027-03-22,22
e:Ny1 LHD,Belgium,32,2027-03-22,18
e:Ny1 LHD,Nordics,32,2027-03-22,22
e:Ny1 RHD,UK,32,2027-03-22,124
e:Ny1 RHD,Ireland,32,2027-03-22,11
Civic LHD,Germany,33,2027-03-29,117
Civic LHD,France,33,2027-03-29,86
Civic LHD,Italy,33,2027-03-29,55
Civic LHD,Spain,33,2027-03-29,49
Civic LHD,Netherlands,33,2027-03-29,37
Civic LHD,Belgium,33,2027-03-29,31
Civic LHD,Poland,33,2027-03-29,28
Civic LHD,Nordics,33,2027-03-29,37
Civic LHD,Portugal,33,2027-03-29,28
Civic RHD,UK,33,2027-03-29,207
Civic RHD,Ireland,33,2027-03-29,18
CR-V LHD,Germany,33,2027-03-29,117
CR-V LHD,France,33,2027-03-29,86
CR-V LHD,Italy,33,2027-03-29,55
CR-V LHD,Spain,33,2027-03-29,49
CR-V LHD,Netherlands,33,2027-03-29,37
CR-V LHD,Belgium,33,2027-03-29,31
CR-V LHD,Poland,33,2027-03-29,28
CR-V LHD,Nordics,33,2027-03-29,37
CR-V LHD,Portugal,33,2027-03-29,28
CR-V RHD,UK,33,2027-03-29,207
CR-V RHD,Ireland,33,2027-03-29,18
HR-V LHD,Germany,33,2027-03-29,58
HR-V LHD,France,33,2027-03-29,43
HR-V LHD,Italy,33,2027-03-29,28
HR-V LHD,Spain,33,2027-03-29,25
HR-V LHD,Netherlands,33,2027-03-29,18
HR-V LHD,Belgium,33,2027-03-29,15
HR-V LHD,Poland,33,2027-03-29,14
HR-V LHD,Nordics,33,2027-03-29,18
HR-V LHD,Portugal,33,2027-03-29,14
HR-V RHD,UK,33,2027-03-29,103
HR-V RHD,Ireland,33,2027-03-29,9
Jazz LHD,Germany,33,2027-03-29,70
Jazz LHD,France,33,2027-03-29,52
Jazz LHD,Italy,33,2027-03-29,33
Jazz LHD,Spain,33,2027-03-29,30
Jazz LHD,Netherlands,33,2027-03-29,22
Jazz LHD,Belgium,33,2027-03-29,18
Jazz LHD,Poland,33,2027-03-29,17
Jazz LHD,Nordics,33,2027-03-29,22
Jazz LHD,Portugal,33,2027-03-29,17
Jazz RHD,UK,33,2027-03-29,124
Jazz RHD,Ireland,33,2027-03-29,11
e:Ny1 LHD,Germany,33,2027-03-29,71
e:Ny1 LHD,France,33,2027-03-29,52
e:Ny1 LHD,Netherlands,33,2027-03-29,22
e:Ny1 LHD,Belgium,33,2027-03-29,19
e:Ny1 LHD,Nordics,33,2027-03-29,22
e:Ny1 RHD,UK,33,2027-03-29,125
e:Ny1 RHD,Ireland,33,2027-03-29,11
Civic LHD,Germany,34,2027-04-05,117
Civic LHD,France,34,2027-04-05,86
Civic LHD,Italy,34,2027-04-05,55
Civic LHD,Spain,34,2027-04-05,49
Civic LHD,Netherlands,34,2027-04-05,37
Civic LHD,Belgium,34,2027-04-05,31
Civic LHD,Poland,34,2027-04-05,28
Civic LHD,Nordics,34,2027-04-05,37
Civic LHD,Portugal,34,2027-04-05,28
Civic RHD,UK,34,2027-04-05,147
Civic RHD,Ireland,34,2027-04-05,18
CR-V LHD,Germany,34,2027-04-05,117
CR-V LHD,France,34,2027-04-05,86
CR-V LHD,Italy,34,2027-04-05,55
CR-V LHD,Spain,34,2027-04-05,49
CR-V LHD,Netherlands,34,2027-04-05,37
CR-V LHD,Belgium,34,2027-04-05,31
CR-V LHD,Poland,34,2027-04-05,28
CR-V LHD,Nordics,34,2027-04-05,37
CR-V LHD,Portugal,34,2027-04-05,28
CR-V RHD,UK,34,2027-04-05,147
CR-V RHD,Ireland,34,2027-04-05,18
HR-V LHD,Germany,34,2027-04-05,58
HR-V LHD,France,34,2027-04-05,43
HR-V LHD,Italy,34,2027-04-05,28
HR-V LHD,Spain,34,2027-04-05,25
HR-V LHD,Netherlands,34,2027-04-05,18
HR-V LHD,Belgium,34,2027-04-05,15
HR-V LHD,Poland,34,2027-04-05,14
HR-V LHD,Nordics,34,2027-04-05,18
HR-V LHD,Portugal,34,2027-04-05,14
HR-V RHD,UK,34,2027-04-05,74
HR-V RHD,Ireland,34,2027-04-05,9
Jazz LHD,Germany,34,2027-04-05,70
Jazz LHD,France,34,2027-04-05,52
Jazz LHD,Italy,34,2027-04-05,33
Jazz LHD,Spain,34,2027-04-05,29
Jazz LHD,Netherlands,34,2027-04-05,22
Jazz LHD,Belgium,34,2027-04-05,18
Jazz LHD,Poland,34,2027-04-05,17
Jazz LHD,Nordics,34,2027-04-05,22
Jazz LHD,Portugal,34,2027-04-05,17
Jazz RHD,UK,34,2027-04-05,88
Jazz RHD,Ireland,34,2027-04-05,11
e:Ny1 LHD,Germany,34,2027-04-05,71
e:Ny1 LHD,France,34,2027-04-05,53
e:Ny1 LHD,Netherlands,34,2027-04-05,23
e:Ny1 LHD,Belgium,34,2027-04-05,19
e:Ny1 LHD,Nordics,34,2027-04-05,23
e:Ny1 RHD,UK,34,2027-04-05,90
e:Ny1 RHD,Ireland,34,2027-04-05,11
Civic LHD,Germany,35,2027-04-12,117
Civic LHD,France,35,2027-04-12,86
Civic LHD,Italy,35,2027-04-12,55
Civic LHD,Spain,35,2027-04-12,49
Civic LHD,Netherlands,35,2027-04-12,37
Civic LHD,Belgium,35,2027-04-12,31
Civic LHD,Poland,35,2027-04-12,28
Civic LHD,Nordics,35,2027-04-12,37
Civic LHD,Portugal,35,2027-04-12,28
Civic RHD,UK,35,2027-04-12,147
Civic RHD,Ireland,35,2027-04-12,18
CR-V LHD,Germany,35,2027-04-12,117
CR-V LHD,France,35,2027-04-12,86
CR-V LHD,Italy,35,2027-04-12,55
CR-V LHD,Spain,35,2027-04-12,49
CR-V LHD,Netherlands,35,2027-04-12,37
CR-V LHD,Belgium,35,2027-04-12,31
CR-V LHD,Poland,35,2027-04-12,28
CR-V LHD,Nordics,35,2027-04-12,37
CR-V LHD,Portugal,35,2027-04-12,28
CR-V RHD,UK,35,2027-04-12,147
CR-V RHD,Ireland,35,2027-04-12,18
HR-V LHD,Germany,35,2027-04-12,58
HR-V LHD,France,35,2027-04-12,43
HR-V LHD,Italy,35,2027-04-12,28
HR-V LHD,Spain,35,2027-04-12,25
HR-V LHD,Netherlands,35,2027-04-12,18
HR-V LHD,Belgium,35,2027-04-12,15
HR-V LHD,Poland,35,2027-04-12,14
HR-V LHD,Nordics,35,2027-04-12,18
HR-V LHD,Portugal,35,2027-04-12,14
HR-V RHD,UK,35,2027-04-12,74
HR-V RHD,Ireland,35,2027-04-12,9
Jazz LHD,Germany,35,2027-04-12,70
Jazz LHD,France,35,2027-04-12,52
Jazz LHD,Italy,35,2027-04-12,33
Jazz LHD,Spain,35,2027-04-12,29
Jazz LHD,Netherlands,35,2027-04-12,22
Jazz LHD,Belgium,35,2027-04-12,18
Jazz LHD,Poland,35,2027-04-12,17
Jazz LHD,Nordics,35,2027-04-12,22
Jazz LHD,Portugal,35,2027-04-12,17
Jazz RHD,UK,35,2027-04-12,88
Jazz RHD,Ireland,35,2027-04-12,11
e:Ny1 LHD,Germany,35,2027-04-12,72
e:Ny1 LHD,France,35,2027-04-12,53
e:Ny1 LHD,Netherlands,35,2027-04-12,23
e:Ny1 LHD,Belgium,35,2027-04-12,19
e:Ny1 LHD,Nordics,35,2027-04-12,23
e:Ny1 RHD,UK,35,2027-04-12,91
e:Ny1 RHD,Ireland,35,2027-04-12,11
Civic LHD,Germany,36,2027-04-19,116
Civic LHD,France,36,2027-04-19,86
Civic LHD,Italy,36,2027-04-19,55
Civic LHD,Spain,36,2027-04-19,49
Civic LHD,Netherlands,36,2027-04-19,37
Civic LHD,Belgium,36,2027-04-19,31
Civic LHD,Poland,36,2027-04-19,28
Civic LHD,Nordics,36,2027-04-19,37
Civic LHD,Portugal,36,2027-04-19,28
Civic RHD,UK,36,2027-04-19,147
Civic RHD,Ireland,36,2027-04-19,18
CR-V LHD,Germany,36,2027-04-19,116
CR-V LHD,France,36,2027-04-19,86
CR-V LHD,Italy,36,2027-04-19,55
CR-V LHD,Spain,36,2027-04-19,49
CR-V LHD,Netherlands,36,2027-04-19,37
CR-V LHD,Belgium,36,2027-04-19,31
CR-V LHD,Poland,36,2027-04-19,28
CR-V LHD,Nordics,36,2027-04-19,37
CR-V LHD,Portugal,36,2027-04-19,28
CR-V RHD,UK,36,2027-04-19,147
CR-V RHD,Ireland,36,2027-04-19,18
HR-V LHD,Germany,36,2027-04-19,58
HR-V LHD,France,36,2027-04-19,43
HR-V LHD,Italy,36,2027-04-19,28
HR-V LHD,Spain,36,2027-04-19,25
HR-V LHD,Netherlands,36,2027-04-19,18
HR-V LHD,Belgium,36,2027-04-19,15
HR-V LHD,Poland,36,2027-04-19,14
HR-V LHD,Nordics,36,2027-04-19,18
HR-V LHD,Portugal,36,2027-04-19,14
HR-V RHD,UK,36,2027-04-19,74
HR-V RHD,Ireland,36,2027-04-19,9
Jazz LHD,Germany,36,2027-04-19,70
Jazz LHD,France,36,2027-04-19,51
Jazz LHD,Italy,36,2027-04-19,33
Jazz LHD,Spain,36,2027-04-19,29
Jazz LHD,Netherlands,36,2027-04-19,22
Jazz LHD,Belgium,36,2027-04-19,18
Jazz LHD,Poland,36,2027-04-19,17
Jazz LHD,Nordics,36,2027-04-19,22
Jazz LHD,Portugal,36,2027-04-19,17
Jazz RHD,UK,36,2027-04-19,88
Jazz RHD,Ireland,36,2027-04-19,11
e:Ny1 LHD,Germany,36,2027-04-19,73
e:Ny1 LHD,France,36,2027-04-19,53
e:Ny1 LHD,Netherlands,36,2027-04-19,23
e:Ny1 LHD,Belgium,36,2027-04-19,19
e:Ny1 LHD,Nordics,36,2027-04-19,23
e:Ny1 RHD,UK,36,2027-04-19,92
e:Ny1 RHD,Ireland,36,2027-04-19,11
Civic LHD,Germany,37,2027-04-26,116
Civic LHD,France,37,2027-04-26,86
Civic LHD,Italy,37,2027-04-26,55
Civic LHD,Spain,37,2027-04-26,49
Civic LHD,Netherlands,37,2027-04-26,37
Civic LHD,Belgium,37,2027-04-26,31
Civic LHD,Poland,37,2027-04-26,28
Civic LHD,Nordics,37,2027-04-26,37
Civic LHD,Portugal,37,2027-04-26,28
Civic RHD,UK,37,2027-04-26,147
Civic RHD,Ireland,37,2027-04-26,18
CR-V LHD,Germany,37,2027-04-26,116
CR-V LHD,France,37,2027-04-26,86
CR-V LHD,Italy,37,2027-04-26,55
CR-V LHD,Spain,37,2027-04-26,49
CR-V LHD,Netherlands,37,2027-04-26,37
CR-V LHD,Belgium,37,2027-04-26,31
CR-V LHD,Poland,37,2027-04-26,28
CR-V LHD,Nordics,37,2027-04-26,37
CR-V LHD,Portugal,37,2027-04-26,28
CR-V RHD,UK,37,2027-04-26,147
CR-V RHD,Ireland,37,2027-04-26,18
HR-V LHD,Germany,37,2027-04-26,58
HR-V LHD,France,37,2027-04-26,43
HR-V LHD,Italy,37,2027-04-26,28
HR-V LHD,Spain,37,2027-04-26,24
HR-V LHD,Netherlands,37,2027-04-26,18
HR-V LHD,Belgium,37,2027-04-26,15
HR-V LHD,Poland,37,2027-04-26,14
HR-V LHD,Nordics,37,2027-04-26,18
HR-V LHD,Portugal,37,2027-04-26,14
HR-V RHD,UK,37,2027-04-26,73
HR-V RHD,Ireland,37,2027-04-26,9
Jazz LHD,Germany,37,2027-04-26,70
Jazz LHD,France,37,2027-04-26,51
Jazz LHD,Italy,37,2027-04-26,33
Jazz LHD,Spain,37,2027-04-26,29
Jazz LHD,Netherlands,37,2027-04-26,22
Jazz LHD,Belgium,37,2027-04-26,18
Jazz LHD,Poland,37,2027-04-26,17
Jazz LHD,Nordics,37,2027-04-26,22
Jazz LHD,Portugal,37,2027-04-26,17
Jazz RHD,UK,37,2027-04-26,88
Jazz RHD,Ireland,37,2027-04-26,11
e:Ny1 LHD,Germany,37,2027-04-26,73
e:Ny1 LHD,France,37,2027-04-26,54
e:Ny1 LHD,Netherlands,37,2027-04-26,23
e:Ny1 LHD,Belgium,37,2027-04-26,19
e:Ny1 LHD,Nordics,37,2027-04-26,23
e:Ny1 RHD,UK,37,2027-04-26,92
e:Ny1 RHD,Ireland,37,2027-04-26,12
Civic LHD,Germany,38,2027-05-03,116
Civic LHD,France,38,2027-05-03,86
Civic LHD,Italy,38,2027-05-03,55
Civic LHD,Spain,38,2027-05-03,49
Civic LHD,Netherlands,38,2027-05-03,37
Civic LHD,Belgium,38,2027-05-03,31
Civic LHD,Poland,38,2027-05-03,27
Civic LHD,Nordics,38,2027-05-03,37
Civic LHD,Portugal,38,2027-05-03,27
Civic RHD,UK,38,2027-05-03,147
Civic RHD,Ireland,38,2027-05-03,18
CR-V LHD,Germany,38,2027-05-03,116
CR-V LHD,France,38,2027-05-03,86
CR-V LHD,Italy,38,2027-05-03,55
CR-V LHD,Spain,38,2027-05-03,49
CR-V LHD,Netherlands,38,2027-05-03,37
CR-V LHD,Belgium,38,2027-05-03,31
CR-V LHD,Poland,38,2027-05-03,27
CR-V LHD,Nordics,38,2027-05-03,37
CR-V LHD,Portugal,38,2027-05-03,27
CR-V RHD,UK,38,2027-05-03,147
CR-V RHD,Ireland,38,2027-05-03,18
HR-V LHD,Germany,38,2027-05-03,58
HR-V LHD,France,38,2027-05-03,43
HR-V LHD,Italy,38,2027-05-03,27
HR-V LHD,Spain,38,2027-05-03,24
HR-V LHD,Netherlands,38,2027-05-03,18
HR-V LHD,Belgium,38,2027-05-03,15
HR-V LHD,Poland,38,2027-05-03,14
HR-V LHD,Nordics,38,2027-05-03,18
HR-V LHD,Portugal,38,2027-05-03,14
HR-V RHD,UK,38,2027-05-03,73
HR-V RHD,Ireland,38,2027-05-03,9
Jazz LHD,Germany,38,2027-05-03,70
Jazz LHD,France,38,2027-05-03,51
Jazz LHD,Italy,38,2027-05-03,33
Jazz LHD,Spain,38,2027-05-03,29
Jazz LHD,Netherlands,38,2027-05-03,22
Jazz LHD,Belgium,38,2027-05-03,18
Jazz LHD,Poland,38,2027-05-03,16
Jazz LHD,Nordics,38,2027-05-03,22
Jazz LHD,Portugal,38,2027-05-03,16
Jazz RHD,UK,38,2027-05-03,88
Jazz RHD,Ireland,38,2027-05-03,11
e:Ny1 LHD,Germany,38,2027-05-03,74
e:Ny1 LHD,France,38,2027-05-03,54
e:Ny1 LHD,Netherlands,38,2027-05-03,23
e:Ny1 LHD,Belgium,38,2027-05-03,19
e:Ny1 LHD,Nordics,38,2027-05-03,23
e:Ny1 RHD,UK,38,2027-05-03,93
e:Ny1 RHD,Ireland,38,2027-05-03,12
Civic LHD,Germany,39,2027-05-10,116
Civic LHD,France,39,2027-05-10,85
Civic LHD,Italy,39,2027-05-10,55
Civic LHD,Spain,39,2027-05-10,49
Civic LHD,Netherlands,39,2027-05-10,37
Civic LHD,Belgium,39,2027-05-10,31
Civic LHD,Poland,39,2027-05-10,27
Civic LHD,Nordics,39,2027-05-10,37
Civic LHD,Portugal,39,2027-05-10,27
Civic RHD,UK,39,2027-05-10,146
Civic RHD,Ireland,39,2027-05-10,18
CR-V LHD,Germany,39,2027-05-10,116
CR-V LHD,France,39,2027-05-10,85
CR-V LHD,Italy,39,2027-05-10,55
CR-V LHD,Spain,39,2027-05-10,49
CR-V LHD,Netherlands,39,2027-05-10,37
CR-V LHD,Belgium,39,2027-05-10,31
CR-V LHD,Poland,39,2027-05-10,27
CR-V LHD,Nordics,39,2027-05-10,37
CR-V LHD,Portugal,39,2027-05-10,27
CR-V RHD,UK,39,2027-05-10,146
CR-V RHD,Ireland,39,2027-05-10,18
HR-V LHD,Germany,39,2027-05-10,58
HR-V LHD,France,39,2027-05-10,43
HR-V LHD,Italy,39,2027-05-10,27
HR-V LHD,Spain,39,2027-05-10,24
HR-V LHD,Netherlands,39,2027-05-10,18
HR-V LHD,Belgium,39,2027-05-10,15
HR-V LHD,Poland,39,2027-05-10,14
HR-V LHD,Nordics,39,2027-05-10,18
HR-V LHD,Portugal,39,2027-05-10,14
HR-V RHD,UK,39,2027-05-10,73
HR-V RHD,Ireland,39,2027-05-10,9
Jazz LHD,Germany,39,2027-05-10,70
Jazz LHD,France,39,2027-05-10,51
Jazz LHD,Italy,39,2027-05-10,33
Jazz LHD,Spain,39,2027-05-10,29
Jazz LHD,Netherlands,39,2027-05-10,22
Jazz LHD,Belgium,39,2027-05-10,18
Jazz LHD,Poland,39,2027-05-10,16
Jazz LHD,Nordics,39,2027-05-10,22
Jazz LHD,Portugal,39,2027-05-10,16
Jazz RHD,UK,39,2027-05-10,88
Jazz RHD,Ireland,39,2027-05-10,11
e:Ny1 LHD,Germany,39,2027-05-10,74
e:Ny1 LHD,France,39,2027-05-10,55
e:Ny1 LHD,Netherlands,39,2027-05-10,23
e:Ny1 LHD,Belgium,39,2027-05-10,20
e:Ny1 LHD,Nordics,39,2027-05-10,23
e:Ny1 RHD,UK,39,2027-05-10,94
e:Ny1 RHD,Ireland,39,2027-05-10,12
Civic LHD,Germany,40,2027-05-17,116
Civic LHD,France,40,2027-05-17,85
Civic LHD,Italy,40,2027-05-17,55
Civic LHD,Spain,40,2027-05-17,49
Civic LHD,Netherlands,40,2027-05-17,37
Civic LHD,Belgium,40,2027-05-17,30
Civic LHD,Poland,40,2027-05-17,27
Civic LHD,Nordics,40,2027-05-17,37
Civic LHD,Portugal,40,2027-05-17,27
Civic RHD,UK,40,2027-05-17,146
Civic RHD,Ireland,40,2027-05-17,18
CR-V LHD,Germany,40,2027-05-17,116
CR-V LHD,France,40,2027-05-17,85
CR-V LHD,Italy,40,2027-05-17,55
CR-V LHD,Spain,40,2027-05-17,49
CR-V LHD,Netherlands,40,2027-05-17,37
CR-V LHD,Belgium,40,2027-05-17,30
CR-V LHD,Poland,40,2027-05-17,27
CR-V LHD,Nordics,40,2027-05-17,37
CR-V LHD,Portugal,40,2027-05-17,27
CR-V RHD,UK,40,2027-05-17,146
CR-V RHD,Ireland,40,2027-05-17,18
HR-V LHD,Germany,40,2027-05-17,58
HR-V LHD,France,40,2027-05-17,43
HR-V LHD,Italy,40,2027-05-17,27
HR-V LHD,Spain,40,2027-05-17,24
HR-V LHD,Netherlands,40,2027-05-17,18
HR-V LHD,Belgium,40,2027-05-17,15
HR-V LHD,Poland,40,2027-05-17,14
HR-V LHD,Nordics,40,2027-05-17,18
HR-V LHD,Portugal,40,2027-05-17,14
HR-V RHD,UK,40,2027-05-17,73
HR-V RHD,Ireland,40,2027-05-17,9
Jazz LHD,Germany,40,2027-05-17,69
Jazz LHD,France,40,2027-05-17,51
Jazz LHD,Italy,40,2027-05-17,33
Jazz LHD,Spain,40,2027-05-17,29
Jazz LHD,Netherlands,40,2027-05-17,22
Jazz LHD,Belgium,40,2027-05-17,18
Jazz LHD,Poland,40,2027-05-17,16
Jazz LHD,Nordics,40,2027-05-17,22
Jazz LHD,Portugal,40,2027-05-17,16
Jazz RHD,UK,40,2027-05-17,88
Jazz RHD,Ireland,40,2027-05-17,11
e:Ny1 LHD,Germany,40,2027-05-17,75
e:Ny1 LHD,France,40,2027-05-17,55
e:Ny1 LHD,Netherlands,40,2027-05-17,24
e:Ny1 LHD,Belgium,40,2027-05-17,20
e:Ny1 LHD,Nordics,40,2027-05-17,24
e:Ny1 RHD,UK,40,2027-05-17,95
e:Ny1 RHD,Ireland,40,2027-05-17,12
Civic LHD,Germany,41,2027-05-24,116
Civic LHD,France,41,2027-05-24,85
Civic LHD,Italy,41,2027-05-24,55
Civic LHD,Spain,41,2027-05-24,49
Civic LHD,Netherlands,41,2027-05-24,37
Civic LHD,Belgium,41,2027-05-24,30
Civic LHD,Poland,41,2027-05-24,27
Civic LHD,Nordics,41,2027-05-24,37
Civic LHD,Portugal,41,2027-05-24,27
Civic RHD,UK,41,2027-05-24,146
Civic RHD,Ireland,41,2027-05-24,18
CR-V LHD,Germany,41,2027-05-24,116
CR-V LHD,France,41,2027-05-24,85
CR-V LHD,Italy,41,2027-05-24,55
CR-V LHD,Spain,41,2027-05-24,49
CR-V LHD,Netherlands,41,2027-05-24,37
CR-V LHD,Belgium,41,2027-05-24,30
CR-V LHD,Poland,41,2027-05-24,27
CR-V LHD,Nordics,41,2027-05-24,37
CR-V LHD,Portugal,41,2027-05-24,27
CR-V RHD,UK,41,2027-05-24,146
CR-V RHD,Ireland,41,2027-05-24,18
HR-V LHD,Germany,41,2027-05-24,58
HR-V LHD,France,41,2027-05-24,43
HR-V LHD,Italy,41,2027-05-24,27
HR-V LHD,Spain,41,2027-05-24,24
HR-V LHD,Netherlands,41,2027-05-24,18
HR-V LHD,Belgium,41,2027-05-24,15
HR-V LHD,Poland,41,2027-05-24,14
HR-V LHD,Nordics,41,2027-05-24,18
HR-V LHD,Portugal,41,2027-05-24,14
HR-V RHD,UK,41,2027-05-24,73
HR-V RHD,Ireland,41,2027-05-24,9
Jazz LHD,Germany,41,2027-05-24,69
Jazz LHD,France,41,2027-05-24,51
Jazz LHD,Italy,41,2027-05-24,33
Jazz LHD,Spain,41,2027-05-24,29
Jazz LHD,Netherlands,41,2027-05-24,22
Jazz LHD,Belgium,41,2027-05-24,18
Jazz LHD,Poland,41,2027-05-24,16
Jazz LHD,Nordics,41,2027-05-24,22
Jazz LHD,Portugal,41,2027-05-24,16
Jazz RHD,UK,41,2027-05-24,88
Jazz RHD,Ireland,41,2027-05-24,11
e:Ny1 LHD,Germany,41,2027-05-24,76
e:Ny1 LHD,France,41,2027-05-24,56
e:Ny1 LHD,Netherlands,41,2027-05-24,24
e:Ny1 LHD,Belgium,41,2027-05-24,20
e:Ny1 LHD,Nordics,41,2027-05-24,24
e:Ny1 RHD,UK,41,2027-05-24,95
e:Ny1 RHD,Ireland,41,2027-05-24,12
Civic LHD,Germany,42,2027-05-31,116
Civic LHD,France,42,2027-05-31,85
Civic LHD,Italy,42,2027-05-31,55
Civic LHD,Spain,42,2027-05-31,49
Civic LHD,Netherlands,42,2027-05-31,36
Civic LHD,Belgium,42,2027-05-31,30
Civic LHD,Poland,42,2027-05-31,27
Civic LHD,Nordics,42,2027-05-31,36
Civic LHD,Portugal,42,2027-05-31,27
Civic RHD,UK,42,2027-05-31,146
Civic RHD,Ireland,42,2027-05-31,18
CR-V LHD,Germany,42,2027-05-31,116
CR-V LHD,France,42,2027-05-31,85
CR-V LHD,Italy,42,2027-05-31,55
CR-V LHD,Spain,42,2027-05-31,49
CR-V LHD,Netherlands,42,2027-05-31,36
CR-V LHD,Belgium,42,2027-05-31,30
CR-V LHD,Poland,42,2027-05-31,27
CR-V LHD,Nordics,42,2027-05-31,36
CR-V LHD,Portugal,42,2027-05-31,27
CR-V RHD,UK,42,2027-05-31,146
CR-V RHD,Ireland,42,2027-05-31,18
HR-V LHD,Germany,42,2027-05-31,58
HR-V LHD,France,42,2027-05-31,43
HR-V LHD,Italy,42,2027-05-31,27
HR-V LHD,Spain,42,2027-05-31,24
HR-V LHD,Netherlands,42,2027-05-31,18
HR-V LHD,Belgium,42,2027-05-31,15
HR-V LHD,Poland,42,2027-05-31,14
HR-V LHD,Nordics,42,2027-05-31,18
HR-V LHD,Portugal,42,2027-05-31,14
HR-V RHD,UK,42,2027-05-31,73
HR-V RHD,Ireland,42,2027-05-31,9
Jazz LHD,Germany,42,2027-05-31,69
Jazz LHD,France,42,2027-05-31,51
Jazz LHD,Italy,42,2027-05-31,33
Jazz LHD,Spain,42,2027-05-31,29
Jazz LHD,Netherlands,42,2027-05-31,22
Jazz LHD,Belgium,42,2027-05-31,18
Jazz LHD,Poland,42,2027-05-31,16
Jazz LHD,Nordics,42,2027-05-31,22
Jazz LHD,Portugal,42,2027-05-31,16
Jazz RHD,UK,42,2027-05-31,88
Jazz RHD,Ireland,42,2027-05-31,11
e:Ny1 LHD,Germany,42,2027-05-31,76
e:Ny1 LHD,France,42,2027-05-31,56
e:Ny1 LHD,Netherlands,42,2027-05-31,24
e:Ny1 LHD,Belgium,42,2027-05-31,20
e:Ny1 LHD,Nordics,42,2027-05-31,24
e:Ny1 RHD,UK,42,2027-05-31,96
e:Ny1 RHD,Ireland,42,2027-05-31,12
Civic LHD,Germany,43,2027-06-07,115
Civic LHD,France,43,2027-06-07,85
Civic LHD,Italy,43,2027-06-07,55
Civic LHD,Spain,43,2027-06-07,49
Civic LHD,Netherlands,43,2027-06-07,36
Civic LHD,Belgium,43,2027-06-07,30
Civic LHD,Poland,43,2027-06-07,27
Civic LHD,Nordics,43,2027-06-07,36
Civic LHD,Portugal,43,2027-06-07,27
Civic RHD,UK,43,2027-06-07,146
Civic RHD,Ireland,43,2027-06-07,18
CR-V LHD,Germany,43,2027-06-07,115
CR-V LHD,France,43,2027-06-07,85
CR-V LHD,Italy,43,2027-06-07,55
CR-V LHD,Spain,43,2027-06-07,49
CR-V LHD,Netherlands,43,2027-06-07,36
CR-V LHD,Belgium,43,2027-06-07,30
CR-V LHD,Poland,43,2027-06-07,27
CR-V LHD,Nordics,43,2027-06-07,36
CR-V LHD,Portugal,43,2027-06-07,27
CR-V RHD,UK,43,2027-06-07,146
CR-V RHD,Ireland,43,2027-06-07,18
HR-V LHD,Germany,43,2027-06-07,58
HR-V LHD,France,43,2027-06-07,43
HR-V LHD,Italy,43,2027-06-07,27
HR-V LHD,Spain,43,2027-06-07,24
HR-V LHD,Netherlands,43,2027-06-07,18
HR-V LHD,Belgium,43,2027-06-07,15
HR-V LHD,Poland,43,2027-06-07,14
HR-V LHD,Nordics,43,2027-06-07,18
HR-V LHD,Portugal,43,2027-06-07,14
HR-V RHD,UK,43,2027-06-07,73
HR-V RHD,Ireland,43,2027-06-07,9
Jazz LHD,Germany,43,2027-06-07,69
Jazz LHD,France,43,2027-06-07,51
Jazz LHD,Italy,43,2027-06-07,33
Jazz LHD,Spain,43,2027-06-07,29
Jazz LHD,Netherlands,43,2027-06-07,22
Jazz LHD,Belgium,43,2027-06-07,18
Jazz LHD,Poland,43,2027-06-07,16
Jazz LHD,Nordics,43,2027-06-07,22
Jazz LHD,Portugal,43,2027-06-07,16
Jazz RHD,UK,43,2027-06-07,87
Jazz RHD,Ireland,43,2027-06-07,11
e:Ny1 LHD,Germany,43,2027-06-07,77
e:Ny1 LHD,France,43,2027-06-07,57
e:Ny1 LHD,Netherlands,43,2027-06-07,24
e:Ny1 LHD,Belgium,43,2027-06-07,20
e:Ny1 LHD,Nordics,43,2027-06-07,24
e:Ny1 RHD,UK,43,2027-06-07,97
e:Ny1 RHD,Ireland,43,2027-06-07,12
Civic LHD,Germany,44,2027-06-14,115
Civic LHD,France,44,2027-06-14,85
Civic LHD,Italy,44,2027-06-14,55
Civic LHD,Spain,44,2027-06-14,49
Civic LHD,Netherlands,44,2027-06-14,36
Civic LHD,Belgium,44,2027-06-14,30
Civic LHD,Poland,44,2027-06-14,27
Civic LHD,Nordics,44,2027-06-14,36
Civic LHD,Portugal,44,2027-06-14,27
Civic RHD,UK,44,2027-06-14,146
Civic RHD,Ireland,44,2027-06-14,18
CR-V LHD,Germany,44,2027-06-14,115
CR-V LHD,France,44,2027-06-14,85
CR-V LHD,Italy,44,2027-06-14,55
CR-V LHD,Spain,44,2027-06-14,49
CR-V LHD,Netherlands,44,2027-06-14,36
CR-V LHD,Belgium,44,2027-06-14,30
CR-V LHD,Poland,44,2027-06-14,27
CR-V LHD,Nordics,44,2027-06-14,36
CR-V LHD,Portugal,44,2027-06-14,27
CR-V RHD,UK,44,2027-06-14,146
CR-V RHD,Ireland,44,2027-06-14,18
HR-V LHD,Germany,44,2027-06-14,58
HR-V LHD,France,44,2027-06-14,42
HR-V LHD,Italy,44,2027-06-14,27
HR-V LHD,Spain,44,2027-06-14,24
HR-V LHD,Netherlands,44,2027-06-14,18
HR-V LHD,Belgium,44,2027-06-14,15
HR-V LHD,Poland,44,2027-06-14,14
HR-V LHD,Nordics,44,2027-06-14,18
HR-V LHD,Portugal,44,2027-06-14,14
HR-V RHD,UK,44,2027-06-14,73
HR-V RHD,Ireland,44,2027-06-14,9
Jazz LHD,Germany,44,2027-06-14,69
Jazz LHD,France,44,2027-06-14,51
Jazz LHD,Italy,44,2027-06-14,33
Jazz LHD,Spain,44,2027-06-14,29
Jazz LHD,Netherlands,44,2027-06-14,22
Jazz LHD,Belgium,44,2027-06-14,18
Jazz LHD,Poland,44,2027-06-14,16
Jazz LHD,Nordics,44,2027-06-14,22
Jazz LHD,Portugal,44,2027-06-14,16
Jazz RHD,UK,44,2027-06-14,87
Jazz RHD,Ireland,44,2027-06-14,11
e:Ny1 LHD,Germany,44,2027-06-14,77
e:Ny1 LHD,France,44,2027-06-14,57
e:Ny1 LHD,Netherlands,44,2027-06-14,24
e:Ny1 LHD,Belgium,44,2027-06-14,20
e:Ny1 LHD,Nordics,44,2027-06-14,24
e:Ny1 RHD,UK,44,2027-06-14,98
e:Ny1 RHD,Ireland,44,2027-06-14,12
Civic LHD,Germany,45,2027-06-21,115
Civic LHD,France,45,2027-06-21,85
Civic LHD,Italy,45,2027-06-21,55
Civic LHD,Spain,45,2027-06-21,48
Civic LHD,Netherlands,45,2027-06-21,36
Civic LHD,Belgium,45,2027-06-21,30
Civic LHD,Poland,45,2027-06-21,27
Civic LHD,Nordics,45,2027-06-21,36
Civic LHD,Portugal,45,2027-06-21,27
Civic RHD,UK,45,2027-06-21,145
Civic RHD,Ireland,45,2027-06-21,18
CR-V LHD,Germany,45,2027-06-21,115
CR-V LHD,France,45,2027-06-21,85
CR-V LHD,Italy,45,2027-06-21,55
CR-V LHD,Spain,45,2027-06-21,48
CR-V LHD,Netherlands,45,2027-06-21,36
CR-V LHD,Belgium,45,2027-06-21,30
CR-V LHD,Poland,45,2027-06-21,27
CR-V LHD,Nordics,45,2027-06-21,36
CR-V LHD,Portugal,45,2027-06-21,27
CR-V RHD,UK,45,2027-06-21,145
CR-V RHD,Ireland,45,2027-06-21,18
HR-V LHD,Germany,45,2027-06-21,58
HR-V LHD,France,45,2027-06-21,42
HR-V LHD,Italy,45,2027-06-21,27
HR-V LHD,Spain,45,2027-06-21,24
HR-V LHD,Netherlands,45,2027-06-21,18
HR-V LHD,Belgium,45,2027-06-21,15
HR-V LHD,Poland,45,2027-06-21,14
HR-V LHD,Nordics,45,2027-06-21,18
HR-V LHD,Portugal,45,2027-06-21,14
HR-V RHD,UK,45,2027-06-21,73
HR-V RHD,Ireland,45,2027-06-21,9
Jazz LHD,Germany,45,2027-06-21,69
Jazz LHD,France,45,2027-06-21,51
Jazz LHD,Italy,45,2027-06-21,33
Jazz LHD,Spain,45,2027-06-21,29
Jazz LHD,Netherlands,45,2027-06-21,22
Jazz LHD,Belgium,45,2027-06-21,18
Jazz LHD,Poland,45,2027-06-21,16
Jazz LHD,Nordics,45,2027-06-21,22
Jazz LHD,Portugal,45,2027-06-21,16
Jazz RHD,UK,45,2027-06-21,87
Jazz RHD,Ireland,45,2027-06-21,11
e:Ny1 LHD,Germany,45,2027-06-21,78
e:Ny1 LHD,France,45,2027-06-21,57
e:Ny1 LHD,Netherlands,45,2027-06-21,25
e:Ny1 LHD,Belgium,45,2027-06-21,21
e:Ny1 LHD,Nordics,45,2027-06-21,25
e:Ny1 RHD,UK,45,2027-06-21,98
e:Ny1 RHD,Ireland,45,2027-06-21,12
Civic LHD,Germany,46,2027-06-28,115
Civic LHD,France,46,2027-06-28,85
Civic LHD,Italy,46,2027-06-28,54
Civic LHD,Spain,46,2027-06-28,48
Civic LHD,Netherlands,46,2027-06-28,36
Civic LHD,Belgium,46,2027-06-28,30
Civic LHD,Poland,46,2027-06-28,27
Civic LHD,Nordics,46,2027-06-28,36
Civic LHD,Portugal,46,2027-06-28,27
Civic RHD,UK,46,2027-06-28,145
Civic RHD,Ireland,46,2027-06-28,18
CR-V LHD,Germany,46,2027-06-28,115
CR-V LHD,France,46,2027-06-28,85
CR-V LHD,Italy,46,2027-06-28,54
CR-V LHD,Spain,46,2027-06-28,48
CR-V LHD,Netherlands,46,2027-06-28,36
CR-V LHD,Belgium,46,2027-06-28,30
CR-V LHD,Poland,46,2027-06-28,27
CR-V LHD,Nordics,46,2027-06-28,36
CR-V LHD,Portugal,46,2027-06-28,27
CR-V RHD,UK,46,2027-06-28,145
CR-V RHD,Ireland,46,2027-06-28,18
HR-V LHD,Germany,46,2027-06-28,57
HR-V LHD,France,46,2027-06-28,42
HR-V LHD,Italy,46,2027-06-28,27
HR-V LHD,Spain,46,2027-06-28,24
HR-V LHD,Netherlands,46,2027-06-28,18
HR-V LHD,Belgium,46,2027-06-28,15
HR-V LHD,Poland,46,2027-06-28,14
HR-V LHD,Nordics,46,2027-06-28,18
HR-V LHD,Portugal,46,2027-06-28,14
HR-V RHD,UK,46,2027-06-28,73
HR-V RHD,Ireland,46,2027-06-28,9
Jazz LHD,Germany,46,2027-06-28,69
Jazz LHD,France,46,2027-06-28,51
Jazz LHD,Italy,46,2027-06-28,33
Jazz LHD,Spain,46,2027-06-28,29
Jazz LHD,Netherlands,46,2027-06-28,22
Jazz LHD,Belgium,46,2027-06-28,18
Jazz LHD,Poland,46,2027-06-28,16
Jazz LHD,Nordics,46,2027-06-28,22
Jazz LHD,Portugal,46,2027-06-28,16
Jazz RHD,UK,46,2027-06-28,87
Jazz RHD,Ireland,46,2027-06-28,11
e:Ny1 LHD,Germany,46,2027-06-28,79
e:Ny1 LHD,France,46,2027-06-28,58
e:Ny1 LHD,Netherlands,46,2027-06-28,25
e:Ny1 LHD,Belgium,46,2027-06-28,21
e:Ny1 LHD,Nordics,46,2027-06-28,25
e:Ny1 RHD,UK,46,2027-06-28,99
e:Ny1 RHD,Ireland,46,2027-06-28,12
Civic LHD,Germany,47,2027-07-05,115
Civic LHD,France,47,2027-07-05,85
Civic LHD,Italy,47,2027-07-05,54
Civic LHD,Spain,47,2027-07-05,48
Civic LHD,Netherlands,47,2027-07-05,36
Civic LHD,Belgium,47,2027-07-05,30
Civic LHD,Poland,47,2027-07-05,27
Civic LHD,Nordics,47,2027-07-05,36
Civic LHD,Portugal,47,2027-07-05,27
Civic RHD,UK,47,2027-07-05,145
Civic RHD,Ireland,47,2027-07-05,18
CR-V LHD,Germany,47,2027-07-05,115
CR-V LHD,France,47,2027-07-05,85
CR-V LHD,Italy,47,2027-07-05,54
CR-V LHD,Spain,47,2027-07-05,48
CR-V LHD,Netherlands,47,2027-07-05,36
CR-V LHD,Belgium,47,2027-07-05,30
CR-V LHD,Poland,47,2027-07-05,27
CR-V LHD,Nordics,47,2027-07-05,36
CR-V LHD,Portugal,47,2027-07-05,27
CR-V RHD,UK,47,2027-07-05,145
CR-V RHD,Ireland,47,2027-07-05,18
HR-V LHD,Germany,47,2027-07-05,57
HR-V LHD,France,47,2027-07-05,42
HR-V LHD,Italy,47,2027-07-05,27
HR-V LHD,Spain,47,2027-07-05,24
HR-V LHD,Netherlands,47,2027-07-05,18
HR-V LHD,Belgium,47,2027-07-05,15
HR-V LHD,Poland,47,2027-07-05,14
HR-V LHD,Nordics,47,2027-07-05,18
HR-V LHD,Portugal,47,2027-07-05,14
HR-V RHD,UK,47,2027-07-05,73
HR-V RHD,Ireland,47,2027-07-05,9
Jazz LHD,Germany,47,2027-07-05,69
Jazz LHD,France,47,2027-07-05,51
Jazz LHD,Italy,47,2027-07-05,33
Jazz LHD,Spain,47,2027-07-05,29
Jazz LHD,Netherlands,47,2027-07-05,22
Jazz LHD,Belgium,47,2027-07-05,18
Jazz LHD,Poland,47,2027-07-05,16
Jazz LHD,Nordics,47,2027-07-05,22
Jazz LHD,Portugal,47,2027-07-05,16
Jazz RHD,UK,47,2027-07-05,87
Jazz RHD,Ireland,47,2027-07-05,11
e:Ny1 LHD,Germany,47,2027-07-05,79
e:Ny1 LHD,France,47,2027-07-05,58
e:Ny1 LHD,Netherlands,47,2027-07-05,25
e:Ny1 LHD,Belgium,47,2027-07-05,21
e:Ny1 LHD,Nordics,47,2027-07-05,25
e:Ny1 RHD,UK,47,2027-07-05,100
e:Ny1 RHD,Ireland,47,2027-07-05,12
Civic LHD,Germany,48,2027-07-12,115
Civic LHD,France,48,2027-07-12,84
Civic LHD,Italy,48,2027-07-12,54
Civic LHD,Spain,48,2027-07-12,48
Civic LHD,Netherlands,48,2027-07-12,36
Civic LHD,Belgium,48,2027-07-12,30
Civic LHD,Poland,48,2027-07-12,27
Civic LHD,Nordics,48,2027-07-12,36
Civic LHD,Portugal,48,2027-07-12,27
Civic RHD,UK,48,2027-07-12,145
Civic RHD,Ireland,48,2027-07-12,18
CR-V LHD,Germany,48,2027-07-12,115
CR-V LHD,France,48,2027-07-12,84
CR-V LHD,Italy,48,2027-07-12,54
CR-V LHD,Spain,48,2027-07-12,48
CR-V LHD,Netherlands,48,2027-07-12,36
CR-V LHD,Belgium,48,2027-07-12,30
CR-V LHD,Poland,48,2027-07-12,27
CR-V LHD,Nordics,48,2027-07-12,36
CR-V LHD,Portugal,48,2027-07-12,27
CR-V RHD,UK,48,2027-07-12,145
CR-V RHD,Ireland,48,2027-07-12,18
HR-V LHD,Germany,48,2027-07-12,57
HR-V LHD,France,48,2027-07-12,42
HR-V LHD,Italy,48,2027-07-12,27
HR-V LHD,Spain,48,2027-07-12,24
HR-V LHD,Netherlands,48,2027-07-12,18
HR-V LHD,Belgium,48,2027-07-12,15
HR-V LHD,Poland,48,2027-07-12,14
HR-V LHD,Nordics,48,2027-07-12,18
HR-V LHD,Portugal,48,2027-07-12,14
HR-V RHD,UK,48,2027-07-12,72
HR-V RHD,Ireland,48,2027-07-12,9
Jazz LHD,Germany,48,2027-07-12,69
Jazz LHD,France,48,2027-07-12,51
Jazz LHD,Italy,48,2027-07-12,33
Jazz LHD,Spain,48,2027-07-12,29
Jazz LHD,Netherlands,48,2027-07-12,22
Jazz LHD,Belgium,48,2027-07-12,18
Jazz LHD,Poland,48,2027-07-12,16
Jazz LHD,Nordics,48,2027-07-12,22
Jazz LHD,Portugal,48,2027-07-12,16
Jazz RHD,UK,48,2027-07-12,87
Jazz RHD,Ireland,48,2027-07-12,11
e:Ny1 LHD,Germany,48,2027-07-12,80
e:Ny1 LHD,France,48,2027-07-12,59
e:Ny1 LHD,Netherlands,48,2027-07-12,25
e:Ny1 LHD,Belgium,48,2027-07-12,21
e:Ny1 LHD,Nordics,48,2027-07-12,25
e:Ny1 RHD,UK,48,2027-07-12,101
e:Ny1 RHD,Ireland,48,2027-07-12,13
Civic LHD,Germany,49,2027-07-19,115
Civic LHD,France,49,2027-07-19,84
Civic LHD,Italy,49,2027-07-19,54
Civic LHD,Spain,49,2027-07-19,48
Civic LHD,Netherlands,49,2027-07-19,36
Civic LHD,Belgium,49,2027-07-19,30
Civic LHD,Poland,49,2027-07-19,27
Civic LHD,Nordics,49,2027-07-19,36
Civic LHD,Portugal,49,2027-07-19,27
Civic RHD,UK,49,2027-07-19,145
Civic RHD,Ireland,49,2027-07-19,18
CR-V LHD,Germany,49,2027-07-19,115
CR-V LHD,France,49,2027-07-19,84
CR-V LHD,Italy,49,2027-07-19,54
CR-V LHD,Spain,49,2027-07-19,48
CR-V LHD,Netherlands,49,2027-07-19,36
CR-V LHD,Belgium,49,2027-07-19,30
CR-V LHD,Poland,49,2027-07-19,27
CR-V LHD,Nordics,49,2027-07-19,36
CR-V LHD,Portugal,49,2027-07-19,27
CR-V RHD,UK,49,2027-07-19,145
CR-V RHD,Ireland,49,2027-07-19,18
HR-V LHD,Germany,49,2027-07-19,57
HR-V LHD,France,49,2027-07-19,42
HR-V LHD,Italy,49,2027-07-19,27
HR-V LHD,Spain,49,2027-07-19,24
HR-V LHD,Netherlands,49,2027-07-19,18
HR-V LHD,Belgium,49,2027-07-19,15
HR-V LHD,Poland,49,2027-07-19,14
HR-V LHD,Nordics,49,2027-07-19,18
HR-V LHD,Portugal,49,2027-07-19,14
HR-V RHD,UK,49,2027-07-19,72
HR-V RHD,Ireland,49,2027-07-19,9
Jazz LHD,Germany,49,2027-07-19,69
Jazz LHD,France,49,2027-07-19,51
Jazz LHD,Italy,49,2027-07-19,33
Jazz LHD,Spain,49,2027-07-19,29
Jazz LHD,Netherlands,49,2027-07-19,22
Jazz LHD,Belgium,49,2027-07-19,18
Jazz LHD,Poland,49,2027-07-19,16
Jazz LHD,Nordics,49,2027-07-19,22
Jazz LHD,Portugal,49,2027-07-19,16
Jazz RHD,UK,49,2027-07-19,87
Jazz RHD,Ireland,49,2027-07-19,11
e:Ny1 LHD,Germany,49,2027-07-19,80
e:Ny1 LHD,France,49,2027-07-19,59
e:Ny1 LHD,Netherlands,49,2027-07-19,25
e:Ny1 LHD,Belgium,49,2027-07-19,21
e:Ny1 LHD,Nordics,49,2027-07-19,25
e:Ny1 RHD,UK,49,2027-07-19,101
e:Ny1 RHD,Ireland,49,2027-07-19,13
Civic LHD,Germany,50,2027-07-26,114
Civic LHD,France,50,2027-07-26,84
Civic LHD,Italy,50,2027-07-26,54
Civic LHD,Spain,50,2027-07-26,48
Civic LHD,Netherlands,50,2027-07-26,36
Civic LHD,Belgium,50,2027-07-26,30
Civic LHD,Poland,50,2027-07-26,27
Civic LHD,Nordics,50,2027-07-26,36
Civic LHD,Portugal,50,2027-07-26,27
Civic RHD,UK,50,2027-07-26,144
Civic RHD,Ireland,50,2027-07-26,18
CR-V LHD,Germany,50,2027-07-26,114
CR-V LHD,France,50,2027-07-26,84
CR-V LHD,Italy,50,2027-07-26,54
CR-V LHD,Spain,50,2027-07-26,48
CR-V LHD,Netherlands,50,2027-07-26,36
CR-V LHD,Belgium,50,2027-07-26,30
CR-V LHD,Poland,50,2027-07-26,27
CR-V LHD,Nordics,50,2027-07-26,36
CR-V LHD,Portugal,50,2027-07-26,27
CR-V RHD,UK,50,2027-07-26,144
CR-V RHD,Ireland,50,2027-07-26,18
HR-V LHD,Germany,50,2027-07-26,57
HR-V LHD,France,50,2027-07-26,42
HR-V LHD,Italy,50,2027-07-26,27
HR-V LHD,Spain,50,2027-07-26,24
HR-V LHD,Netherlands,50,2027-07-26,18
HR-V LHD,Belgium,50,2027-07-26,15
HR-V LHD,Poland,50,2027-07-26,14
HR-V LHD,Nordics,50,2027-07-26,18
HR-V LHD,Portugal,50,2027-07-26,14
HR-V RHD,UK,50,2027-07-26,72
HR-V RHD,Ireland,50,2027-07-26,9
Jazz LHD,Germany,50,2027-07-26,69
Jazz LHD,France,50,2027-07-26,51
Jazz LHD,Italy,50,2027-07-26,33
Jazz LHD,Spain,50,2027-07-26,29
Jazz LHD,Netherlands,50,2027-07-26,22
Jazz LHD,Belgium,50,2027-07-26,18
Jazz LHD,Poland,50,2027-07-26,16
Jazz LHD,Nordics,50,2027-07-26,22
Jazz LHD,Portugal,50,2027-07-26,16
Jazz RHD,UK,50,2027-07-26,87
Jazz RHD,Ireland,50,2027-07-26,11
e:Ny1 LHD,Germany,50,2027-07-26,81
e:Ny1 LHD,France,50,2027-07-26,60
e:Ny1 LHD,Netherlands,50,2027-07-26,26
e:Ny1 LHD,Belgium,50,2027-07-26,21
e:Ny1 LHD,Nordics,50,2027-07-26,26
e:Ny1 RHD,UK,50,2027-07-26,102
e:Ny1 RHD,Ireland,50,2027-07-26,13
Civic LHD,Germany,51,2027-08-02,114
Civic LHD,France,51,2027-08-02,84
Civic LHD,Italy,51,2027-08-02,54
Civic LHD,Spain,51,2027-08-02,48
Civic LHD,Netherlands,51,2027-08-02,36
Civic LHD,Belgium,51,2027-08-02,30
Civic LHD,Poland,51,2027-08-02,27
Civic LHD,Nordics,51,2027-08-02,36
Civic LHD,Portugal,51,2027-08-02,27
Civic RHD,UK,51,2027-08-02,144
Civic RHD,Ireland,51,2027-08-02,18
CR-V LHD,Germany,51,2027-08-02,114
CR-V LHD,France,51,2027-08-02,84
CR-V LHD,Italy,51,2027-08-02,54
CR-V LHD,Spain,51,2027-08-02,48
CR-V LHD,Netherlands,51,2027-08-02,36
CR-V LHD,Belgium,51,2027-08-02,30
CR-V LHD,Poland,51,2027-08-02,27
CR-V LHD,Nordics,51,2027-08-02,36
CR-V LHD,Portugal,51,2027-08-02,27
CR-V RHD,UK,51,2027-08-02,144
CR-V RHD,Ireland,51,2027-08-02,18
HR-V LHD,Germany,51,2027-08-02,57
HR-V LHD,France,51,2027-08-02,42
HR-V LHD,Italy,51,2027-08-02,27
HR-V LHD,Spain,51,2027-08-02,24
HR-V LHD,Netherlands,51,2027-08-02,18
HR-V LHD,Belgium,51,2027-08-02,15
HR-V LHD,Poland,51,2027-08-02,14
HR-V LHD,Nordics,51,2027-08-02,18
HR-V LHD,Portugal,51,2027-08-02,14
HR-V RHD,UK,51,2027-08-02,72
HR-V RHD,Ireland,51,2027-08-02,9
Jazz LHD,Germany,51,2027-08-02,69
Jazz LHD,France,51,2027-08-02,51
Jazz LHD,Italy,51,2027-08-02,32
Jazz LHD,Spain,51,2027-08-02,29
Jazz LHD,Netherlands,51,2027-08-02,22
Jazz LHD,Belgium,51,2027-08-02,18
Jazz LHD,Poland,51,2027-08-02,16
Jazz LHD,Nordics,51,2027-08-02,22
Jazz LHD,Portugal,51,2027-08-02,16
Jazz RHD,UK,51,2027-08-02,87
Jazz RHD,Ireland,51,2027-08-02,11
e:Ny1 LHD,Germany,51,2027-08-02,81
e:Ny1 LHD,France,51,2027-08-02,60
e:Ny1 LHD,Netherlands,51,2027-08-02,26
e:Ny1 LHD,Belgium,51,2027-08-02,21
e:Ny1 LHD,Nordics,51,2027-08-02,26
e:Ny1 RHD,UK,51,2027-08-02,103
e:Ny1 RHD,Ireland,51,2027-08-02,13
